2 ,1
4 ,3
6 ,5
8 ,7
10 ,9
12 ,11
14 ,13
16 ,15
18 ,17
20 ,19
22 ,21
24 ,23
26 ,25
8 ,27
29 ,28
31 ,30
33 ,32
35 ,34
37 ,36
39 ,38
41 ,40
43 ,42
45 ,44
47 ,46
31 ,48
50 ,49
52 ,51
54 ,53
56 ,55
35 ,57
35 ,58
60 ,59
62 ,61
64 ,63
66 ,65
68 ,67
47 ,69
71 ,70
73 ,72
31 ,74
52 ,75
31 ,76
78 ,77
62 ,79
45 ,80
82 ,81
84 ,83
12 ,85
20 ,86
45 ,87
45 ,88
90 ,89
62 ,91
93 ,92
20 ,94
35 ,95
16 ,96
35 ,97
16 ,98
24 ,99
24 ,100
90 ,101
103 ,102
20 ,104
31 ,105
107 ,106
71 ,108
110 ,109
112 ,111
114 ,113
56 ,115
52 ,116
35 ,117
119 ,118
52 ,120
12 ,121
123 ,122
4 ,124
12 ,125
127 ,126
129 ,128
52 ,130
12 ,131
20 ,132
62 ,133
90 ,134
20 ,135
10 ,136
45 ,137
139 ,138
141 ,140
41 ,142
144 ,143
146 ,145
90 ,147
149 ,148
71 ,150
152 ,151
154 ,153
152 ,155
157 ,156
24 ,158
41 ,159
161 ,160
71 ,162
152 ,163
35 ,164
20 ,165
152 ,166
8 ,167
71 ,168
78 ,169
10 ,170
119 ,171
173 ,172
68 ,174
176 ,175
47 ,177
52 ,178
62 ,179
181 ,180
35 ,182
90 ,183
24 ,184
41 ,185
12 ,186
188 ,187
190 ,189
8 ,191
60 ,192
12 ,193
4 ,194
196 ,195
161 ,197
199 ,198
24 ,200
52 ,201
90 ,202
31 ,203
35 ,204
18 ,205
35 ,206
208 ,207
119 ,209
161 ,210
212 ,211
214 ,213
62 ,215
161 ,216
218 ,217
220 ,219
222 ,221
45 ,223
225 ,224
31 ,226
4 ,227
141 ,228
230 ,229
71 ,231
71 ,232
47 ,233
45 ,234
236 ,235
238 ,237
12 ,239
68 ,240
119 ,241
45 ,242
244 ,243
246 ,245
18 ,247
31 ,248
78 ,249
31 ,250
78 ,251
253 ,252
78 ,254
35 ,255
90 ,256
62 ,257
12 ,258
62 ,259
261 ,260
263 ,262
16 ,264
56 ,265
52 ,266
268 ,267
45 ,269
18 ,270
52 ,271
8 ,272
274 ,273
45 ,275
41 ,276
52 ,277
141 ,278
161 ,279
281 ,280
283 ,282
52 ,284
286 ,285
56 ,287
8 ,288
141 ,289
291 ,290
41 ,292
294 ,293
52 ,295
297 ,296
41 ,298
62 ,299
301 ,300
303 ,302
78 ,304
12 ,305
8 ,306
308 ,307
310 ,309
90 ,311
10 ,312
8 ,313
41 ,314
316 ,315
45 ,317
141 ,318
71 ,319
321 ,320
323 ,322
56 ,324
4 ,325
327 ,326
161 ,328
20 ,329
24 ,330
8 ,331
333 ,332
24 ,334
31 ,335
18 ,336
338 ,337
10 ,339
161 ,340
56 ,341
24 ,342
71 ,343
345 ,344
347 ,346
18 ,348
45 ,349
351 ,350
10 ,352
152 ,353
62 ,354
52 ,355
10 ,356
35 ,357
62 ,358
18 ,359
361 ,360
363 ,362
365 ,364
367 ,366
90 ,368
370 ,369
60 ,371
373 ,372
60 ,374
376 ,375
60 ,377
379 ,378
62 ,380
8 ,381
152 ,382
152 ,383
161 ,384
386 ,385
45 ,387
68 ,388
10 ,389
391 ,390
393 ,392
16 ,394
396 ,395
141 ,397
18 ,398
141 ,399
18 ,400
35 ,401
161 ,402
47 ,403
405 ,404
45 ,406
408 ,407
60 ,409
411 ,410
56 ,412
4 ,413
415 ,414
417 ,416
71 ,418
52 ,419
421 ,420
10 ,422
16 ,423
35 ,424
12 ,425
24 ,426
428 ,427
430 ,429
31 ,431
433 ,432
435 ,434
31 ,436
438 ,437
47 ,439
16 ,440
20 ,441
52 ,442
152 ,443
90 ,444
161 ,445
31 ,446
52 ,447
449 ,448
62 ,450
47 ,451
62 ,452
16 ,453
31 ,454
31 ,455
45 ,456
31 ,457
68 ,458
35 ,459
56 ,460
462 ,461
464 ,463
4 ,465
31 ,466
12 ,467
41 ,468
71 ,469
10 ,470
52 ,471
24 ,472
24 ,473
24 ,474
476 ,475
62 ,477
78 ,478
35 ,479
481 ,480
483 ,482
485 ,484
487 ,486
489 ,488
141 ,490
20 ,491
4 ,492
141 ,493
60 ,494
56 ,495
45 ,496
60 ,497
78 ,498
31 ,499
47 ,500
502 ,501
47 ,503
505 ,504
507 ,506
35 ,508
41 ,509
10 ,510
35 ,511
35 ,512
141 ,513
119 ,514
119 ,515
161 ,516
8 ,517
31 ,518
62 ,519
52 ,520
68 ,521
62 ,522
52 ,523
20 ,524
62 ,525
8 ,526
16 ,527
4 ,528
530 ,529
532 ,531
18 ,533
535 ,534
537 ,536
119 ,538
152 ,539
18 ,540
542 ,541
45 ,543
545 ,544
20 ,546
152 ,547
10 ,548
550 ,549
552 ,551
554 ,553
52 ,555
557 ,556
559 ,558
152 ,560
562 ,561
564 ,563
566 ,565
20 ,567
161 ,568
78 ,569
56 ,570
572 ,571
20 ,573
575 ,574
577 ,576
60 ,578
580 ,579
582 ,581
60 ,583
585 ,584
587 ,586
18 ,588
590 ,589
4 ,591
593 ,592
595 ,594
597 ,596
20 ,598
600 ,599
8 ,601
12 ,602
10 ,603
18 ,604
152 ,605
119 ,606
24 ,607
4 ,608
610 ,609
612 ,611
60 ,613
161 ,614
16 ,615
152 ,616
618 ,617
45 ,619
621 ,620
623 ,622
152 ,624
52 ,625
627 ,626
629 ,628
631 ,630
47 ,632
4 ,633
16 ,634
636 ,635
78 ,637
639 ,638
45 ,640
90 ,641
643 ,642
119 ,644
8 ,645
47 ,646
648 ,647
47 ,649
62 ,650
10 ,651
52 ,652
654 ,653
45 ,655
12 ,656
41 ,657
20 ,658
56 ,659
661 ,660
663 ,662
68 ,664
18 ,665
41 ,666
47 ,667
12 ,668
10 ,669
671 ,670
78 ,672
119 ,673
78 ,674
16 ,675
52 ,676
119 ,677
20 ,678
71 ,679
119 ,680
18 ,681
45 ,682
60 ,683
45 ,684
686 ,685
161 ,687
689 ,688
691 ,690
8 ,692
71 ,693
695 ,694
697 ,696
4 ,698
24 ,699
56 ,700
702 ,701
78 ,703
56 ,704
24 ,705
707 ,706
71 ,708
10 ,709
711 ,710
52 ,712
41 ,713
18 ,714
141 ,715
31 ,716
141 ,717
719 ,718
45 ,720
722 ,721
16 ,723
68 ,724
16 ,725
56 ,726
728 ,727
730 ,729
732 ,731
8 ,733
735 ,734
41 ,736
31 ,737
24 ,738
78 ,739
47 ,740
78 ,741
24 ,742
78 ,743
745 ,744
62 ,746
748 ,747
161 ,749
71 ,750
45 ,751
10 ,752
16 ,753
31 ,754
60 ,755
62 ,756
41 ,757
119 ,758
760 ,759
56 ,761
18 ,762
8 ,763
16 ,764
45 ,765
767 ,766
769 ,768
31 ,770
90 ,771
78 ,772
774 ,773
776 ,775
90 ,777
161 ,778
780 ,779
71 ,781
8 ,782
52 ,783
60 ,784
786 ,785
788 ,787
12 ,789
791 ,790
45 ,792
20 ,793
795 ,794
161 ,796
798 ,797
20 ,799
71 ,800
20 ,801
62 ,802
71 ,803
78 ,804
806 ,805
119 ,807
78 ,808
810 ,809
161 ,811
813 ,812
815 ,814
817 ,816
78 ,818
820 ,819
24 ,821
823 ,822
10 ,824
826 ,825
60 ,827
829 ,828
62 ,830
71 ,831
833 ,832
835 ,834
161 ,836
152 ,837
62 ,838
56 ,839
841 ,840
68 ,842
10 ,843
47 ,844
846 ,845
60 ,847
849 ,848
41 ,850
119 ,851
853 ,852
18 ,854
856 ,855
4 ,857
859 ,858
861 ,860
863 ,862
16 ,864
866 ,865
52 ,867
18 ,868
62 ,869
871 ,870
60 ,872
119 ,873
62 ,874
71 ,875
877 ,876
78 ,878
16 ,879
62 ,880
882 ,881
90 ,883
141 ,884
886 ,885
888 ,887
119 ,889
68 ,890
52 ,891
893 ,892
71 ,894
896 ,895
898 ,897
900 ,899
24 ,901
119 ,902
119 ,903
24 ,904
10 ,905
119 ,906
161 ,907
8 ,908
45 ,909
68 ,910
56 ,911
71 ,912
914 ,913
78 ,915
45 ,916
47 ,917
919 ,918
78 ,920
45 ,921
119 ,922
141 ,923
41 ,924
90 ,925
927 ,926
47 ,928
930 ,929
18 ,931
152 ,932
47 ,933
935 ,934
10 ,936
71 ,937
4 ,938
47 ,939
941 ,940
68 ,942
90 ,943
945 ,944
10 ,946
47 ,947
949 ,948
119 ,950
952 ,951
954 ,953
18 ,955
152 ,956
56 ,957
959 ,958
35 ,960
12 ,961
119 ,962
964 ,963
16 ,965
967 ,966
41 ,968
970 ,969
52 ,971
56 ,972
35 ,973
41 ,974
12 ,975
141 ,976
978 ,977
152 ,979
981 ,980
52 ,982
18 ,983
16 ,984
141 ,985
987 ,986
989 ,988
10 ,990
60 ,991
62 ,992
47 ,993
995 ,994
141 ,996
998 ,997
31 ,999
78 ,1000
1002 ,1001
4 ,1003
52 ,1004
1006 ,1005
141 ,1007
47 ,1008
16 ,1009
8 ,1010
62 ,1011
1013 ,1012
16 ,1014
1016 ,1015
1018 ,1017
141 ,1019
119 ,1020
1022 ,1021
47 ,1023
1025 ,1024
71 ,1026
152 ,1027
1029 ,1028
161 ,1030
45 ,1031
90 ,1032
10 ,1033
60 ,1034
1036 ,1035
41 ,1037
1039 ,1038
10 ,1040
119 ,1041
16 ,1042
161 ,1043
41 ,1044
10 ,1045
141 ,1046
47 ,1047
31 ,1048
1050 ,1049
20 ,1051
119 ,1052
1054 ,1053
1056 ,1055
1058 ,1057
56 ,1059
52 ,1060
1062 ,1061
1064 ,1063
10 ,1065
12 ,1066
52 ,1067
31 ,1068
47 ,1069
56 ,1070
90 ,1071
1073 ,1072
152 ,1074
1076 ,1075
68 ,1077
12 ,1078
8 ,1079
1081 ,1080
45 ,1082
119 ,1083
1085 ,1084
31 ,1086
8 ,1087
62 ,1088
60 ,1089
47 ,1090
1092 ,1091
4 ,1093
8 ,1094
119 ,1095
47 ,1096
1098 ,1097
68 ,1099
1101 ,1100
1103 ,1102
45 ,1104
152 ,1105
41 ,1106
18 ,1107
8 ,1108
8 ,1109
1111 ,1110
1113 ,1112
12 ,1114
1116 ,1115
1118 ,1117
10 ,1119
161 ,1120
90 ,1121
62 ,1122
71 ,1123
52 ,1124
20 ,1125
60 ,1126
119 ,1127
8 ,1128
1130 ,1129
1132 ,1131
71 ,1133
8 ,1134
56 ,1135
24 ,1136
35 ,1137
1139 ,1138
1141 ,1140
41 ,1142
45 ,1143
35 ,1144
1146 ,1145
62 ,1147
1149 ,1148
152 ,1150
4 ,1151
16 ,1152
20 ,1153
10 ,1154
56 ,1155
68 ,1156
152 ,1157
1159 ,1158
10 ,1160
1162 ,1161
35 ,1163
68 ,1164
1166 ,1165
71 ,1167
1169 ,1168
16 ,1170
18 ,1171
68 ,1172
1174 ,1173
52 ,1175
141 ,1176
62 ,1177
1179 ,1178
141 ,1180
1182 ,1181
119 ,1183
1185 ,1184
24 ,1186
24 ,1187
1189 ,1188
1191 ,1190
41 ,1192
62 ,1193
18 ,1194
1196 ,1195
10 ,1197
4 ,1198
1200 ,1199
31 ,1201
1203 ,1202
1205 ,1204
16 ,1206
41 ,1207
78 ,1208
71 ,1209
10 ,1210
1212 ,1211
1214 ,1213
1216 ,1215
20 ,1217
1219 ,1218
1221 ,1220
10 ,1222
31 ,1223
1225 ,1224
35 ,1226
1228 ,1227
41 ,1229
68 ,1230
18 ,1231
12 ,1232
1234 ,1233
18 ,1235
45 ,1236
1238 ,1237
119 ,1239
1241 ,1240
1243 ,1242
18 ,1244
1246 ,1245
45 ,1247
141 ,1248
16 ,1249
8 ,1250
71 ,1251
60 ,1252
41 ,1253
1255 ,1254
1257 ,1256
35 ,1258
68 ,1259
56 ,1260
8 ,1261
1263 ,1262
1265 ,1264
1267 ,1266
56 ,1268
1270 ,1269
31 ,1271
152 ,1272
161 ,1273
16 ,1274
52 ,1275
1277 ,1276
24 ,1278
62 ,1279
78 ,1280
8 ,1281
1283 ,1282
10 ,1284
62 ,1285
1287 ,1286
1289 ,1288
1291 ,1290
71 ,1292
1294 ,1293
1296 ,1295
141 ,1297
1299 ,1298
152 ,1300
35 ,1301
1303 ,1302
20 ,1304
1306 ,1305
35 ,1307
18 ,1308
68 ,1309
90 ,1310
18 ,1311
1313 ,1312
152 ,1314
56 ,1315
31 ,1316
52 ,1317
47 ,1318
1320 ,1319
1322 ,1321
35 ,1323
41 ,1324
41 ,1325
71 ,1326
1328 ,1327
62 ,1329
141 ,1330
1332 ,1331
1334 ,1333
16 ,1335
1337 ,1336
1339 ,1338
18 ,1340
1342 ,1341
1344 ,1343
1346 ,1345
119 ,1347
90 ,1348
47 ,1349
31 ,1350
45 ,1351
41 ,1352
31 ,1353
41 ,1354
24 ,1355
152 ,1356
41 ,1357
35 ,1358
119 ,1359
56 ,1360
1362 ,1361
12 ,1363
16 ,1364
18 ,1365
31 ,1366
4 ,1367
52 ,1368
10 ,1369
4 ,1370
161 ,1371
1373 ,1372
4 ,1374
1376 ,1375
161 ,1377
62 ,1378
45 ,1379
24 ,1380
35 ,1381
161 ,1382
24 ,1383
71 ,1384
1386 ,1385
161 ,1387
1389 ,1388
52 ,1390
119 ,1391
119 ,1392
45 ,1393
16 ,1394
12 ,1395
78 ,1396
71 ,1397
119 ,1398
119 ,1399
1401 ,1400
1403 ,1402
1405 ,1404
1407 ,1406
18 ,1408
8 ,1409
18 ,1410
119 ,1411
35 ,1412
1414 ,1413
45 ,1415
78 ,1416
68 ,1417
4 ,1418
52 ,1419
52 ,1420
1422 ,1421
16 ,1423
60 ,1424
1426 ,1425
18 ,1427
1429 ,1428
8 ,1430
20 ,1431
12 ,1432
152 ,1433
8 ,1434
1436 ,1435
119 ,1437
56 ,1438
41 ,1439
20 ,1440
41 ,1441
4 ,1442
16 ,1443
152 ,1444
68 ,1445
90 ,1446
1448 ,1447
62 ,1449
71 ,1450
45 ,1451
47 ,1452
1454 ,1453
31 ,1455
68 ,1456
18 ,1457
1459 ,1458
78 ,1460
1462 ,1461
1464 ,1463
1466 ,1465
16 ,1467
62 ,1468
62 ,1469
1471 ,1470
68 ,1472
60 ,1473
8 ,1474
1476 ,1475
60 ,1477
71 ,1478
52 ,1479
62 ,1480
1482 ,1481
119 ,1483
1485 ,1484
119 ,1486
141 ,1487
56 ,1488
35 ,1489
1491 ,1490
10 ,1492
18 ,1493
10 ,1494
31 ,1495
16 ,1496
4 ,1497
1499 ,1498
71 ,1500
1502 ,1501
1504 ,1503
1506 ,1505
52 ,1507
78 ,1508
60 ,1509
1511 ,1510
20 ,1512
1514 ,1513
161 ,1515
52 ,1516
47 ,1517
10 ,1518
31 ,1519
152 ,1520
8 ,1521
18 ,1522
119 ,1523
62 ,1524
1526 ,1525
1528 ,1527
1530 ,1529
4 ,1531
47 ,1532
1534 ,1533
1536 ,1535
119 ,1537
1539 ,1538
35 ,1540
4 ,1541
35 ,1542
60 ,1543
10 ,1544
52 ,1545
16 ,1546
12 ,1547
18 ,1548
16 ,1549
35 ,1550
71 ,1551
41 ,1552
1554 ,1553
1556 ,1555
8 ,1557
52 ,1558
1560 ,1559
1562 ,1561
78 ,1563
41 ,1564
1566 ,1565
1568 ,1567
56 ,1569
16 ,1570
12 ,1571
1573 ,1572
10 ,1574
47 ,1575
90 ,1576
1578 ,1577
35 ,1579
35 ,1580
16 ,1581
68 ,1582
161 ,1583
45 ,1584
90 ,1585
1587 ,1586
41 ,1588
47 ,1589
12 ,1590
1592 ,1591
47 ,1593
16 ,1594
161 ,1595
78 ,1596
45 ,1597
8 ,1598
20 ,1599
1601 ,1600
68 ,1602
1604 ,1603
12 ,1605
68 ,1606
1608 ,1607
10 ,1609
35 ,1610
1612 ,1611
71 ,1613
161 ,1614
56 ,1615
35 ,1616
62 ,1617
1619 ,1618
18 ,1620
60 ,1621
4 ,1622
1624 ,1623
18 ,1625
1627 ,1626
1629 ,1628
1631 ,1630
18 ,1632
4 ,1633
52 ,1634
161 ,1635
68 ,1636
1638 ,1637
1640 ,1639
1642 ,1641
90 ,1643
1645 ,1644
8 ,1646
47 ,1647
71 ,1648
52 ,1649
4 ,1650
119 ,1651
52 ,1652
1654 ,1653
35 ,1655
12 ,1656
71 ,1657
1659 ,1658
45 ,1660
10 ,1661
45 ,1662
16 ,1663
71 ,1664
141 ,1665
18 ,1666
10 ,1667
18 ,1668
16 ,1669
41 ,1670
71 ,1671
56 ,1672
78 ,1673
1675 ,1674
1677 ,1676
119 ,1678
10 ,1679
62 ,1680
47 ,1681
24 ,1682
18 ,1683
56 ,1684
60 ,1685
41 ,1686
152 ,1687
35 ,1688
1690 ,1689
1692 ,1691
47 ,1693
1695 ,1694
161 ,1696
161 ,1697
1699 ,1698
68 ,1700
1702 ,1701
8 ,1703
71 ,1704
62 ,1705
12 ,1706
1708 ,1707
12 ,1709
60 ,1710
152 ,1711
68 ,1712
1714 ,1713
4 ,1715
71 ,1716
41 ,1717
1719 ,1718
24 ,1720
152 ,1721
20 ,1722
47 ,1723
90 ,1724
1726 ,1725
1728 ,1727
68 ,1729
1731 ,1730
60 ,1732
1734 ,1733
35 ,1735
1737 ,1736
31 ,1738
4 ,1739
62 ,1740
41 ,1741
12 ,1742
47 ,1743
62 ,1744
24 ,1745
20 ,1746
10 ,1747
1749 ,1748
35 ,1750
62 ,1751
1753 ,1752
10 ,1754
1756 ,1755
119 ,1757
1759 ,1758
20 ,1760
24 ,1761
1763 ,1762
1765 ,1764
20 ,1766
1768 ,1767
1770 ,1769
78 ,1771
1773 ,1772
18 ,1774
31 ,1775
68 ,1776
1778 ,1777
24 ,1779
119 ,1780
4 ,1781
41 ,1782
119 ,1783
20 ,1784
1786 ,1785
1788 ,1787
56 ,1789
8 ,1790
47 ,1791
47 ,1792
1794 ,1793
1796 ,1795
60 ,1797
141 ,1798
1800 ,1799
12 ,1801
31 ,1802
16 ,1803
1805 ,1804
62 ,1806
71 ,1807
52 ,1808
161 ,1809
24 ,1810
52 ,1811
71 ,1812
16 ,1813
20 ,1814
20 ,1815
161 ,1816
161 ,1817
1819 ,1818
4 ,1820
68 ,1821
8 ,1822
20 ,1823
119 ,1824
1826 ,1825
1828 ,1827
119 ,1829
1831 ,1830
24 ,1832
1834 ,1833
10 ,1835
161 ,1836
141 ,1837
62 ,1838
60 ,1839
56 ,1840
1842 ,1841
1844 ,1843
71 ,1845
24 ,1846
1848 ,1847
35 ,1849
1851 ,1850
45 ,1852
12 ,1853
1855 ,1854
20 ,1856
1858 ,1857
1860 ,1859
1862 ,1861
71 ,1863
1865 ,1864
1867 ,1866
35 ,1868
20 ,1869
47 ,1870
41 ,1871
18 ,1872
1874 ,1873
1876 ,1875
1878 ,1877
62 ,1879
152 ,1880
1882 ,1881
45 ,1883
152 ,1884
41 ,1885
1887 ,1886
119 ,1888
62 ,1889
24 ,1890
1892 ,1891
119 ,1893
35 ,1894
18 ,1895
71 ,1896
8 ,1897
78 ,1898
1900 ,1899
141 ,1901
1903 ,1902
152 ,1904
10 ,1905
4 ,1906
35 ,1907
119 ,1908
1910 ,1909
141 ,1911
1913 ,1912
119 ,1914
1916 ,1915
20 ,1917
20 ,1918
24 ,1919
78 ,1920
161 ,1921
1923 ,1922
24 ,1924
12 ,1925
52 ,1926
16 ,1927
60 ,1928
35 ,1929
71 ,1930
41 ,1931
161 ,1932
1934 ,1933
1936 ,1935
16 ,1937
152 ,1938
41 ,1939
16 ,1940
78 ,1941
60 ,1942
12 ,1943
60 ,1944
24 ,1945
1947 ,1946
71 ,1948
90 ,1949
52 ,1950
60 ,1951
8 ,1952
1954 ,1953
152 ,1955
1957 ,1956
47 ,1958
62 ,1959
45 ,1960
1962 ,1961
1964 ,1963
119 ,1965
1967 ,1966
141 ,1968
1970 ,1969
1972 ,1971
20 ,1973
20 ,1974
52 ,1975
90 ,1976
1978 ,1977
161 ,1979
1981 ,1980
1983 ,1982
119 ,1984
60 ,1985
71 ,1986
24 ,1987
1989 ,1988
24 ,1990
45 ,1991
60 ,1992
35 ,1993
1995 ,1994
41 ,1996
20 ,1997
18 ,1998
78 ,1999
45 ,2000
2002 ,2001
2004 ,2003
141 ,2005
438 ,2006
24 ,2007
2009 ,2008
2011 ,2010
56 ,2012
119 ,2013
71 ,2014
18 ,2015
2017 ,2016
4 ,2018
78 ,2019
10 ,2020
161 ,2021
45 ,2022
2024 ,2023
56 ,2025
68 ,2026
71 ,2027
47 ,2028
18 ,2029
47 ,2030
4 ,2031
31 ,2032
18 ,2033
12 ,2034
78 ,2035
45 ,2036
24 ,2037
52 ,2038
35 ,2039
2041 ,2040
90 ,2042
10 ,2043
12 ,2044
62 ,2045
45 ,2046
10 ,2047
20 ,2048
35 ,2049
78 ,2050
152 ,2051
78 ,2052
60 ,2053
2055 ,2054
56 ,2056
68 ,2057
68 ,2058
161 ,2059
18 ,2060
2062 ,2061
2064 ,2063
4 ,2065
2067 ,2066
2069 ,2068
12 ,2070
152 ,2071
45 ,2072
2074 ,2073
20 ,2075
161 ,2076
2078 ,2077
10 ,2079
31 ,2080
47 ,2081
4 ,2082
60 ,2083
119 ,2084
56 ,2085
47 ,2086
2088 ,2087
10 ,2089
141 ,2090
119 ,2091
141 ,2092
47 ,2093
2095 ,2094
68 ,2096
20 ,2097
152 ,2098
41 ,2099
45 ,2100
52 ,2101
2103 ,2102
41 ,2104
2106 ,2105
78 ,2107
2109 ,2108
12 ,2110
161 ,2111
2113 ,2112
2115 ,2114
20 ,2116
62 ,2117
18 ,2118
2120 ,2119
2122 ,2121
10 ,2123
141 ,2124
4 ,2125
12 ,2126
2128 ,2127
18 ,2129
78 ,2130
12 ,2131
45 ,2132
18 ,2133
10 ,2134
2136 ,2135
2138 ,2137
78 ,2139
8 ,2140
2142 ,2141
16 ,2143
12 ,2144
2146 ,2145
90 ,2147
68 ,2148
60 ,2149
56 ,2150
2152 ,2151
2154 ,2153
2156 ,2155
152 ,2157
18 ,2158
16 ,2159
41 ,2160
2162 ,2161
2164 ,2163
2166 ,2165
62 ,2167
2169 ,2168
56 ,2170
2172 ,2171
2174 ,2173
68 ,2175
2177 ,2176
119 ,2178
31 ,2179
2181 ,2180
4 ,2182
2184 ,2183
12 ,2185
60 ,2186
62 ,2187
2189 ,2188
52 ,2190
2192 ,2191
52 ,2193
18 ,2194
2196 ,2195
2198 ,2197
20 ,2199
78 ,2200
141 ,2201
41 ,2202
78 ,2203
35 ,2204
52 ,2205
10 ,2206
45 ,2207
47 ,2208
41 ,2209
2211 ,2210
2213 ,2212
141 ,2214
24 ,2215
68 ,2216
2218 ,2217
10 ,2219
2221 ,2220
141 ,2222
141 ,2223
8 ,2224
45 ,2225
71 ,2226
52 ,2227
2229 ,2228
35 ,2230
12 ,2231
2233 ,2232
2235 ,2234
2237 ,2236
2239 ,2238
45 ,2240
78 ,2241
2243 ,2242
10 ,2244
152 ,2245
47 ,2246
2248 ,2247
2250 ,2249
47 ,2251
2253 ,2252
141 ,2254
71 ,2255
2257 ,2256
2259 ,2258
141 ,2260
2262 ,2261
2264 ,2263
52 ,2265
2267 ,2266
2269 ,2268
52 ,2270
90 ,2271
2273 ,2272
78 ,2274
45 ,2275
2277 ,2276
8 ,2278
71 ,2279
62 ,2280
2282 ,2281
152 ,2283
2285 ,2284
2287 ,2286
71 ,2288
141 ,2289
2291 ,2290
90 ,2292
161 ,2293
161 ,2294
60 ,2295
141 ,2296
60 ,2297
24 ,2298
2300 ,2299
2302 ,2301
2304 ,2303
2306 ,2305
4 ,2307
2309 ,2308
2311 ,2310
2313 ,2312
52 ,2314
16 ,2315
90 ,2316
71 ,2317
2319 ,2318
31 ,2320
2322 ,2321
71 ,2323
56 ,2324
12 ,2325
90 ,2326
71 ,2327
2329 ,2328
161 ,2330
24 ,2331
90 ,2332
2334 ,2333
4 ,2335
2337 ,2336
2339 ,2338
52 ,2340
161 ,2341
152 ,2342
52 ,2343
2345 ,2344
47 ,2346
119 ,2347
8 ,2348
2350 ,2349
2352 ,2351
20 ,2353
35 ,2354
45 ,2355
71 ,2356
8 ,2357
8 ,2358
24 ,2359
47 ,2360
2362 ,2361
68 ,2363
24 ,2364
47 ,2365
90 ,2366
141 ,2367
10 ,2368
161 ,2369
119 ,2370
56 ,2371
56 ,2372
41 ,2373
161 ,2374
2376 ,2375
2378 ,2377
161 ,2379
4 ,2380
62 ,2381
2383 ,2382
4 ,2384
2386 ,2385
47 ,2387
56 ,2388
68 ,2389
10 ,2390
20 ,2391
2393 ,2392
8 ,2394
90 ,2395
78 ,2396
12 ,2397
78 ,2398
35 ,2399
90 ,2400
47 ,2401
47 ,2402
2404 ,2403
20 ,2405
161 ,2406
45 ,2407
2409 ,2408
35 ,2410
52 ,2411
2413 ,2412
161 ,2414
2416 ,2415
4 ,2417
35 ,2418
16 ,2419
4 ,2420
8 ,2421
2423 ,2422
2425 ,2424
2427 ,2426
141 ,2428
141 ,2429
2431 ,2430
8 ,2432
798 ,2433
52 ,2434
4 ,2435
2437 ,2436
16 ,2438
52 ,2439
2441 ,2440
2443 ,2442
31 ,2444
41 ,2445
2447 ,2446
78 ,2448
68 ,2449
31 ,2450
2452 ,2451
35 ,2453
78 ,2454
2456 ,2455
2458 ,2457
47 ,2459
68 ,2460
31 ,2461
45 ,2462
152 ,2463
90 ,2464
2466 ,2465
35 ,2467
78 ,2468
47 ,2469
90 ,2470
90 ,2471
78 ,2472
20 ,2473
71 ,2474
12 ,2475
24 ,2476
152 ,2477
2479 ,2478
2481 ,2480
45 ,2482
12 ,2483
2485 ,2484
2487 ,2486
56 ,2488
16 ,2489
2491 ,2490
798 ,2492
2494 ,2493
2496 ,2495
2498 ,2497
45 ,2499
2501 ,2500
16 ,2502
8 ,2503
35 ,2504
68 ,2505
2507 ,2506
2509 ,2508
2511 ,2510
56 ,2512
71 ,2513
47 ,2514
2516 ,2515
35 ,2517
161 ,2518
2520 ,2519
119 ,2521
2523 ,2522
62 ,2524
52 ,2525
31 ,2526
152 ,2527
141 ,2528
2530 ,2529
31 ,2531
60 ,2532
4 ,2533
2535 ,2534
45 ,2536
161 ,2537
2539 ,2538
152 ,2540
161 ,2541
2543 ,2542
2545 ,2544
2547 ,2546
2549 ,2548
45 ,2550
161 ,2551
2553 ,2552
18 ,2554
16 ,2555
2557 ,2556
68 ,2558
18 ,2559
20 ,2560
41 ,2561
71 ,2562
2564 ,2563
141 ,2565
16 ,2566
119 ,2567
16 ,2568
31 ,2569
2571 ,2570
12 ,2572
56 ,2573
161 ,2574
62 ,2575
161 ,2576
47 ,2577
2579 ,2578
12 ,2580
2582 ,2581
2584 ,2583
18 ,2585
4 ,2586
52 ,2587
2589 ,2588
4 ,2590
2592 ,2591
16 ,2593
18 ,2594
12 ,2595
2597 ,2596
2599 ,2598
20 ,2600
2602 ,2601
78 ,2603
2605 ,2604
18 ,2606
2608 ,2607
56 ,2609
2611 ,2610
41 ,2612
45 ,2613
52 ,2614
18 ,2615
18 ,2616
60 ,2617
152 ,2618
2620 ,2619
62 ,2621
31 ,2622
41 ,2623
71 ,2624
2626 ,2625
2628 ,2627
2630 ,2629
16 ,2631
62 ,2632
2634 ,2633
2636 ,2635
2638 ,2637
52 ,2639
68 ,2640
8 ,2641
71 ,2642
56 ,2643
2645 ,2644
41 ,2646
141 ,2647
52 ,2648
141 ,2649
2651 ,2650
47 ,2652
2654 ,2653
2656 ,2655
68 ,2657
18 ,2658
12 ,2659
12 ,2660
68 ,2661
31 ,2662
90 ,2663
2665 ,2664
2667 ,2666
141 ,2668
78 ,2669
2671 ,2670
2673 ,2672
2675 ,2674
24 ,2676
90 ,2677
90 ,2678
2680 ,2679
2682 ,2681
2684 ,2683
47 ,2685
47 ,2686
2688 ,2687
18 ,2689
2691 ,2690
56 ,2692
62 ,2693
2695 ,2694
31 ,2696
119 ,2697
71 ,2698
56 ,2699
2701 ,2700
35 ,2702
10 ,2703
78 ,2704
2706 ,2705
45 ,2707
47 ,2708
2710 ,2709
71 ,2711
52 ,2712
152 ,2713
161 ,2714
152 ,2715
2717 ,2716
41 ,2718
2720 ,2719
20 ,2721
90 ,2722
152 ,2723
45 ,2724
2726 ,2725
16 ,2727
2729 ,2728
35 ,2730
2732 ,2731
4 ,2733
78 ,2734
2736 ,2735
4 ,2737
12 ,2738
41 ,2739
68 ,2740
45 ,2741
2743 ,2742
2745 ,2744
41 ,2746
119 ,2747
141 ,2748
71 ,2749
52 ,2750
47 ,2751
71 ,2752
52 ,2753
10 ,2754
2756 ,2755
35 ,2757
35 ,2758
161 ,2759
56 ,2760
2762 ,2761
2764 ,2763
141 ,2765
2767 ,2766
90 ,2768
2770 ,2769
52 ,2771
8 ,2772
41 ,2773
2775 ,2774
2777 ,2776
2779 ,2778
71 ,2780
24 ,2781
56 ,2782
12 ,2783
31 ,2784
45 ,2785
62 ,2786
24 ,2787
56 ,2788
24 ,2789
68 ,2790
2792 ,2791
78 ,2793
2795 ,2794
12 ,2796
45 ,2797
71 ,2798
60 ,2799
8 ,2800
2802 ,2801
10 ,2803
68 ,2804
2806 ,2805
56 ,2807
12 ,2808
2810 ,2809
2812 ,2811
4 ,2813
2815 ,2814
20 ,2816
4 ,2817
10 ,2818
2820 ,2819
4 ,2821
161 ,2822
10 ,2823
24 ,2824
16 ,2825
20 ,2826
62 ,2827
119 ,2828
62 ,2829
161 ,2830
2832 ,2831
16 ,2833
68 ,2834
20 ,2835
2837 ,2836
78 ,2838
2840 ,2839
2842 ,2841
2844 ,2843
2846 ,2845
12 ,2847
2849 ,2848
52 ,2850
35 ,2851
2853 ,2852
35 ,2854
161 ,2855
8 ,2856
62 ,2857
2859 ,2858
18 ,2860
52 ,2861
90 ,2862
4 ,2863
2865 ,2864
16 ,2866
20 ,2867
41 ,2868
12 ,2869
20 ,2870
90 ,2871
62 ,2872
52 ,2873
41 ,2874
2876 ,2875
18 ,2877
56 ,2878
2880 ,2879
31 ,2881
161 ,2882
16 ,2883
141 ,2884
18 ,2885
35 ,2886
2888 ,2887
71 ,2889
2891 ,2890
24 ,2892
35 ,2893
10 ,2894
45 ,2895
152 ,2896
2898 ,2897
78 ,2899
2901 ,2900
141 ,2902
4 ,2903
41 ,2904
10 ,2905
12 ,2906
2908 ,2907
68 ,2909
119 ,2910
68 ,2911
161 ,2912
35 ,2913
31 ,2914
2916 ,2915
52 ,2917
62 ,2918
4 ,2919
10 ,2920
12 ,2921
45 ,2922
12 ,2923
68 ,2924
47 ,2925
41 ,2926
2928 ,2927
78 ,2929
141 ,2930
8 ,2931
141 ,2932
2934 ,2933
52 ,2935
10 ,2936
2938 ,2937
2940 ,2939
2942 ,2941
62 ,2943
10 ,2944
24 ,2945
71 ,2946
2948 ,2947
60 ,2949
47 ,2950
2952 ,2951
71 ,2953
2955 ,2954
2957 ,2956
52 ,2958
141 ,2959
2961 ,2960
18 ,2962
2964 ,2963
161 ,2965
119 ,2966
2968 ,2967
2970 ,2969
141 ,2971
618 ,2972
12 ,2973
4 ,2974
71 ,2975
2530 ,2976
2978 ,2977
18 ,2979
2981 ,2980
71 ,2982
2984 ,2983
35 ,2985
71 ,2986
71 ,2987
8 ,2988
12 ,2989
60 ,2990
31 ,2991
52 ,2992
56 ,2993
18 ,2994
2996 ,2995
2998 ,2997
8 ,2999
24 ,3000
78 ,3001
3003 ,3002
12 ,3004
62 ,3005
3007 ,3006
161 ,3008
141 ,3009
3011 ,3010
60 ,3012
3014 ,3013
62 ,3015
16 ,3016
3018 ,3017
68 ,3019
78 ,3020
119 ,3021
45 ,3022
3024 ,3023
3026 ,3025
3028 ,3027
3030 ,3029
20 ,3031
161 ,3032
56 ,3033
90 ,3034
3036 ,3035
119 ,3037
62 ,3038
3040 ,3039
4 ,3041
16 ,3042
3044 ,3043
3046 ,3045
161 ,3047
141 ,3048
56 ,3049
3051 ,3050
152 ,3052
20 ,3053
31 ,3054
16 ,3055
31 ,3056
24 ,3057
24 ,3058
3060 ,3059
24 ,3061
16 ,3062
119 ,3063
31 ,3064
4 ,3065
3067 ,3066
24 ,3068
31 ,3069
152 ,3070
3072 ,3071
31 ,3073
4 ,3074
12 ,3075
24 ,3076
3078 ,3077
119 ,3079
31 ,3080
3082 ,3081
3084 ,3083
16 ,3085
12 ,3086
52 ,3087
3089 ,3088
8 ,3090
12 ,3091
47 ,3092
3094 ,3093
31 ,3095
119 ,3096
60 ,3097
24 ,3098
141 ,3099
3101 ,3100
52 ,3102
71 ,3103
35 ,3104
35 ,3105
16 ,3106
62 ,3107
8 ,3108
4 ,3109
35 ,3110
4 ,3111
3113 ,3112
3115 ,3114
3117 ,3116
62 ,3118
41 ,3119
52 ,3120
3122 ,3121
31 ,3123
52 ,3124
12 ,3125
3127 ,3126
3129 ,3128
3131 ,3130
90 ,3132
8 ,3133
20 ,3134
68 ,3135
52 ,3136
3138 ,3137
4 ,3139
3141 ,3140
3143 ,3142
62 ,3144
8 ,3145
3147 ,3146
119 ,3148
3150 ,3149
161 ,3151
3153 ,3152
3155 ,3154
12 ,3156
3158 ,3157
3160 ,3159
20 ,3161
141 ,3162
68 ,3163
3165 ,3164
41 ,3166
35 ,3167
3169 ,3168
71 ,3170
3172 ,3171
71 ,3173
68 ,3174
56 ,3175
68 ,3176
24 ,3177
8 ,3178
31 ,3179
8 ,3180
152 ,3181
161 ,3182
8 ,3183
35 ,3184
71 ,3185
60 ,3186
8 ,3187
90 ,3188
35 ,3189
3191 ,3190
47 ,3192
18 ,3193
47 ,3194
3196 ,3195
68 ,3197
62 ,3198
35 ,3199
119 ,3200
45 ,3201
41 ,3202
35 ,3203
8 ,3204
3206 ,3205
47 ,3207
18 ,3208
3210 ,3209
4 ,3211
71 ,3212
56 ,3213
71 ,3214
8 ,3215
24 ,3216
35 ,3217
31 ,3218
68 ,3219
3221 ,3220
71 ,3222
12 ,3223
3225 ,3224
47 ,3226
62 ,3227
141 ,3228
12 ,3229
24 ,3230
24 ,3231
3233 ,3232
141 ,3234
3236 ,3235
3238 ,3237
52 ,3239
4 ,3240
18 ,3241
3243 ,3242
3245 ,3244
62 ,3246
119 ,3247
56 ,3248
3250 ,3249
56 ,3251
141 ,3252
3254 ,3253
10 ,3255
3257 ,3256
4 ,3258
10 ,3259
52 ,3260
62 ,3261
3263 ,3262
41 ,3264
90 ,3265
8 ,3266
10 ,3267
18 ,3268
78 ,3269
4 ,3270
4 ,3271
16 ,3272
161 ,3273
90 ,3274
16 ,3275
56 ,3276
71 ,3277
3279 ,3278
3281 ,3280
3283 ,3282
152 ,3284
10 ,3285
35 ,3286
71 ,3287
20 ,3288
62 ,3289
31 ,3290
3292 ,3291
78 ,3293
152 ,3294
3296 ,3295
62 ,3297
24 ,3298
161 ,3299
41 ,3300
20 ,3301
60 ,3302
10 ,3303
152 ,3304
90 ,3305
119 ,3306
161 ,3307
31 ,3308
12 ,3309
41 ,3310
18 ,3311
119 ,3312
56 ,3313
161 ,3314
45 ,3315
152 ,3316
3318 ,3317
60 ,3319
35 ,3320
4 ,3321
31 ,3322
3324 ,3323
3326 ,3325
20 ,3327
78 ,3328
161 ,3329
31 ,3330
52 ,3331
24 ,3332
47 ,3333
3335 ,3334
18 ,3336
41 ,3337
24 ,3338
3340 ,3339
8 ,3341
3343 ,3342
31 ,3344
68 ,3345
16 ,3346
152 ,3347
68 ,3348
10 ,3349
16 ,3350
41 ,3351
4 ,3352
12 ,3353
3355 ,3354
68 ,3356
90 ,3357
141 ,3358
3360 ,3359
3362 ,3361
3364 ,3363
78 ,3365
3367 ,3366
3369 ,3368
4 ,3370
12 ,3371
45 ,3372
4 ,3373
119 ,3374
20 ,3375
68 ,3376
12 ,3377
24 ,3378
3380 ,3379
20 ,3381
16 ,3382
8 ,3383
8 ,3384
90 ,3385
3387 ,3386
20 ,3388
62 ,3389
18 ,3390
3392 ,3391
56 ,3393
8 ,3394
52 ,3395
119 ,3396
18 ,3397
10 ,3398
152 ,3399
71 ,3400
71 ,3401
62 ,3402
78 ,3403
60 ,3404
24 ,3405
10 ,3406
10 ,3407
3409 ,3408
45 ,3410
3412 ,3411
141 ,3413
3415 ,3414
60 ,3416
56 ,3417
78 ,3418
4 ,3419
12 ,3420
3422 ,3421
10 ,3423
3425 ,3424
78 ,3426
798 ,3427
3429 ,3428
3431 ,3430
3433 ,3432
78 ,3434
3436 ,3435
119 ,3437
71 ,3438
152 ,3439
52 ,3440
52 ,3441
71 ,3442
60 ,3443
3445 ,3444
152 ,3446
10 ,3447
20 ,3448
3450 ,3449
16 ,3451
10 ,3452
71 ,3453
41 ,3454
16 ,3455
52 ,3456
16 ,3457
52 ,3458
52 ,3459
152 ,3460
141 ,3461
52 ,3462
90 ,3463
62 ,3464
3466 ,3465
41 ,3467
90 ,3468
161 ,3469
152 ,3470
10 ,3471
71 ,3472
68 ,3473
52 ,3474
78 ,3475
3477 ,3476
119 ,3478
71 ,3479
56 ,3480
52 ,3481
8 ,3482
16 ,3483
3485 ,3484
4 ,3486
161 ,3487
18 ,3488
3490 ,3489
24 ,3491
3493 ,3492
52 ,3494
45 ,3495
3497 ,3496
3499 ,3498
71 ,3500
31 ,3501
161 ,3502
41 ,3503
3505 ,3504
3507 ,3506
3509 ,3508
78 ,3510
41 ,3511
47 ,3512
3514 ,3513
8 ,3515
62 ,3516
78 ,3517
52 ,3518
78 ,3519
119 ,3520
3522 ,3521
141 ,3523
16 ,3524
141 ,3525
90 ,3526
60 ,3527
12 ,3528
3530 ,3529
24 ,3531
24 ,3532
20 ,3533
90 ,3534
3536 ,3535
90 ,3537
4 ,3538
3540 ,3539
56 ,3541
35 ,3542
52 ,3543
62 ,3544
3546 ,3545
3548 ,3547
71 ,3549
78 ,3550
3552 ,3551
18 ,3553
41 ,3554
3556 ,3555
45 ,3557
24 ,3558
12 ,3559
152 ,3560
3562 ,3561
68 ,3563
18 ,3564
68 ,3565
3567 ,3566
60 ,3568
16 ,3569
45 ,3570
12 ,3571
90 ,3572
3574 ,3573
52 ,3575
56 ,3576
3578 ,3577
45 ,3579
47 ,3580
161 ,3581
47 ,3582
8 ,3583
68 ,3584
4 ,3585
68 ,3586
3588 ,3587
139 ,3589
18 ,3590
141 ,3591
45 ,3592
68 ,3593
12 ,3594
10 ,3595
62 ,3596
18 ,3597
3599 ,3598
10 ,3600
41 ,3601
3603 ,3602
3605 ,3604
20 ,3606
16 ,3607
18 ,3608
24 ,3609
18 ,3610
18 ,3611
52 ,3612
12 ,3613
3615 ,3614
119 ,3616
45 ,3617
41 ,3618
3620 ,3619
3622 ,3621
3624 ,3623
18 ,3625
56 ,3626
3628 ,3627
62 ,3629
60 ,3630
3632 ,3631
56 ,3633
16 ,3634
45 ,3635
90 ,3636
152 ,3637
12 ,3638
3640 ,3639
3642 ,3641
35 ,3643
18 ,3644
161 ,3645
68 ,3646
62 ,3647
3649 ,3648
4 ,3650
3652 ,3651
12 ,3653
20 ,3654
8 ,3655
47 ,3656
3658 ,3657
3660 ,3659
12 ,3661
3663 ,3662
68 ,3664
8 ,3665
78 ,3666
16 ,3667
52 ,3668
41 ,3669
16 ,3670
71 ,3671
3673 ,3672
3675 ,3674
47 ,3676
56 ,3677
3679 ,3678
3681 ,3680
119 ,3682
31 ,3683
31 ,3684
16 ,3685
60 ,3686
16 ,3687
90 ,3688
141 ,3689
47 ,3690
3172 ,3691
3693 ,3692
3695 ,3694
3697 ,3696
45 ,3698
8 ,3699
52 ,3700
45 ,3701
24 ,3702
16 ,3703
31 ,3704
62 ,3705
16 ,3706
3708 ,3707
119 ,3709
3711 ,3710
41 ,3712
20 ,3713
71 ,3714
3716 ,3715
3718 ,3717
3720 ,3719
35 ,3721
4 ,3722
41 ,3723
3725 ,3724
8 ,3726
161 ,3727
56 ,3728
71 ,3729
3731 ,3730
56 ,3732
12 ,3733
161 ,3734
24 ,3735
8 ,3736
3738 ,3737
78 ,3739
62 ,3740
24 ,3741
3743 ,3742
3745 ,3744
10 ,3746
68 ,3747
56 ,3748
3750 ,3749
90 ,3751
60 ,3752
52 ,3753
52 ,3754
78 ,3755
161 ,3756
45 ,3757
16 ,3758
16 ,3759
152 ,3760
18 ,3761
3763 ,3762
12 ,3764
152 ,3765
119 ,3766
31 ,3767
119 ,3768
35 ,3769
16 ,3770
31 ,3771
47 ,3772
60 ,3773
8 ,3774
161 ,3775
4 ,3776
119 ,3777
152 ,3778
56 ,3779
68 ,3780
3782 ,3781
62 ,3783
71 ,3784
41 ,3785
3787 ,3786
35 ,3788
18 ,3789
62 ,3790
41 ,3791
3793 ,3792
3795 ,3794
141 ,3796
68 ,3797
68 ,3798
20 ,3799
24 ,3800
47 ,3801
3803 ,3802
3805 ,3804
3807 ,3806
3809 ,3808
3811 ,3810
45 ,3812
3814 ,3813
3816 ,3815
90 ,3817
68 ,3818
56 ,3819
3821 ,3820
41 ,3822
141 ,3823
16 ,3824
47 ,3825
3827 ,3826
4 ,3828
90 ,3829
41 ,3830
52 ,3831
90 ,3832
60 ,3833
18 ,3834
3836 ,3835
161 ,3837
4 ,3838
18 ,3839
161 ,3840
3842 ,3841
3844 ,3843
119 ,3845
4 ,3846
141 ,3847
90 ,3848
56 ,3849
71 ,3850
71 ,3851
4 ,3852
18 ,3853
31 ,3854
3856 ,3855
62 ,3857
119 ,3858
12 ,3859
60 ,3860
119 ,3861
3863 ,3862
152 ,3864
62 ,3865
8 ,3866
3868 ,3867
45 ,3869
152 ,3870
3872 ,3871
60 ,3873
3875 ,3874
3877 ,3876
321 ,3878
3880 ,3879
8 ,3881
3883 ,3882
3885 ,3884
56 ,3886
152 ,3887
45 ,3888
71 ,3889
3891 ,3890
152 ,3892
16 ,3893
71 ,3894
24 ,3895
10 ,3896
3898 ,3897
62 ,3899
3901 ,3900
31 ,3902
90 ,3903
52 ,3904
90 ,3905
47 ,3906
141 ,3907
161 ,3908
152 ,3909
3911 ,3910
56 ,3912
3914 ,3913
10 ,3915
18 ,3916
4 ,3917
31 ,3918
152 ,3919
3921 ,3920
24 ,3922
71 ,3923
3925 ,3924
35 ,3926
8 ,3927
90 ,3928
16 ,3929
3931 ,3930
119 ,3932
3934 ,3933
8 ,3935
20 ,3936
3938 ,3937
60 ,3939
24 ,3940
52 ,3941
10 ,3942
3944 ,3943
4 ,3945
3947 ,3946
3949 ,3948
3951 ,3950
141 ,3952
119 ,3953
31 ,3954
56 ,3955
3957 ,3956
161 ,3958
52 ,3959
41 ,3960
31 ,3961
3963 ,3962
3965 ,3964
20 ,3966
71 ,3967
119 ,3968
71 ,3969
3971 ,3970
10 ,3972
3974 ,3973
31 ,3975
3977 ,3976
60 ,3978
3980 ,3979
10 ,3981
47 ,3982
161 ,3983
141 ,3984
20 ,3985
141 ,3986
152 ,3987
12 ,3988
62 ,3989
3991 ,3990
152 ,3992
3994 ,3993
47 ,3995
71 ,3996
18 ,3997
18 ,3998
12 ,3999
119 ,4000
4002 ,4001
4004 ,4003
45 ,4005
90 ,4006
8 ,4007
41 ,4008
62 ,4009
141 ,4010
4012 ,4011
20 ,4013
60 ,4014
62 ,4015
31 ,4016
62 ,4017
71 ,4018
4020 ,4019
161 ,4021
56 ,4022
45 ,4023
4025 ,4024
62 ,4026
4028 ,4027
8 ,4029
68 ,4030
20 ,4031
4033 ,4032
4035 ,4034
71 ,4036
60 ,4037
62 ,4038
47 ,4039
161 ,4040
16 ,4041
41 ,4042
62 ,4043
47 ,4044
12 ,4045
4047 ,4046
152 ,4048
4050 ,4049
62 ,4051
141 ,4052
47 ,4053
4055 ,4054
4057 ,4056
60 ,4058
68 ,4059
4061 ,4060
4063 ,4062
16 ,4064
41 ,4065
4067 ,4066
47 ,4068
4 ,4069
71 ,4070
4 ,4071
90 ,4072
68 ,4073
8 ,4074
141 ,4075
47 ,4076
24 ,4077
8 ,4078
161 ,4079
18 ,4080
31 ,4081
119 ,4082
141 ,4083
4085 ,4084
71 ,4086
18 ,4087
4089 ,4088
4091 ,4090
24 ,4092
45 ,4093
41 ,4094
8 ,4095
31 ,4096
4098 ,4097
12 ,4099
4101 ,4100
31 ,4102
4104 ,4103
141 ,4105
71 ,4106
8 ,4107
24 ,4108
141 ,4109
4 ,4110
8 ,4111
8 ,4112
4114 ,4113
56 ,4115
24 ,4116
4118 ,4117
4120 ,4119
41 ,4121
52 ,4122
4124 ,4123
4126 ,4125
10 ,4127
18 ,4128
4 ,4129
119 ,4130
71 ,4131
20 ,4132
24 ,4133
56 ,4134
56 ,4135
20 ,4136
4138 ,4137
4140 ,4139
4142 ,4141
4144 ,4143
4146 ,4145
24 ,4147
4 ,4148
20 ,4149
4151 ,4150
4 ,4152
4154 ,4153
41 ,4155
24 ,4156
60 ,4157
8 ,4158
8 ,4159
4161 ,4160
16 ,4162
4164 ,4163
4166 ,4165
4168 ,4167
10 ,4169
119 ,4170
4172 ,4171
35 ,4173
41 ,4174
4 ,4175
60 ,4176
20 ,4177
4179 ,4178
10 ,4180
62 ,4181
4183 ,4182
31 ,4184
12 ,4185
4187 ,4186
119 ,4188
4190 ,4189
20 ,4191
71 ,4192
16 ,4193
41 ,4194
161 ,4195
31 ,4196
31 ,4197
52 ,4198
90 ,4199
4 ,4200
8 ,4201
4203 ,4202
119 ,4204
4206 ,4205
4208 ,4207
8 ,4209
119 ,4210
119 ,4211
52 ,4212
31 ,4213
18 ,4214
12 ,4215
78 ,4216
60 ,4217
20 ,4218
141 ,4219
90 ,4220
152 ,4221
47 ,4222
52 ,4223
4225 ,4224
68 ,4226
4228 ,4227
119 ,4229
78 ,4230
12 ,4231
4233 ,4232
45 ,4234
4236 ,4235
3425 ,4237
71 ,4238
31 ,4239
47 ,4240
47 ,4241
119 ,4242
8 ,4243
47 ,4244
16 ,4245
60 ,4246
4248 ,4247
68 ,4249
4251 ,4250
4253 ,4252
376 ,4254
141 ,4255
152 ,4256
4258 ,4257
68 ,4259
10 ,4260
4262 ,4261
60 ,4263
56 ,4264
68 ,4265
4267 ,4266
141 ,4268
68 ,4269
47 ,4270
4272 ,4271
4274 ,4273
16 ,4275
12 ,4276
56 ,4277
4279 ,4278
90 ,4280
18 ,4281
41 ,4282
4284 ,4283
41 ,4285
4287 ,4286
62 ,4288
12 ,4289
71 ,4290
18 ,4291
20 ,4292
71 ,4293
119 ,4294
152 ,4295
8 ,4296
78 ,4297
47 ,4298
52 ,4299
4301 ,4300
10 ,4302
62 ,4303
71 ,4304
4306 ,4305
71 ,4307
60 ,4308
8 ,4309
10 ,4310
10 ,4311
56 ,4312
4314 ,4313
35 ,4315
35 ,4316
62 ,4317
4319 ,4318
16 ,4320
47 ,4321
18 ,4322
18 ,4323
4325 ,4324
52 ,4326
24 ,4327
35 ,4328
4330 ,4329
68 ,4331
16 ,4332
62 ,4333
24 ,4334
4336 ,4335
20 ,4337
119 ,4338
141 ,4339
119 ,4340
4342 ,4341
60 ,4343
71 ,4344
20 ,4345
20 ,4346
4348 ,4347
4350 ,4349
16 ,4351
68 ,4352
4354 ,4353
8 ,4355
20 ,4356
16 ,4357
141 ,4358
62 ,4359
4361 ,4360
71 ,4362
52 ,4363
35 ,4364
4366 ,4365
60 ,4367
41 ,4368
4370 ,4369
18 ,4371
35 ,4372
90 ,4373
8 ,4374
47 ,4375
4377 ,4376
4379 ,4378
35 ,4380
4382 ,4381
71 ,4383
71 ,4384
71 ,4385
24 ,4386
4388 ,4387
4390 ,4389
16 ,4391
119 ,4392
4394 ,4393
4396 ,4395
60 ,4397
31 ,4398
161 ,4399
78 ,4400
141 ,4401
141 ,4402
141 ,4403
18 ,4404
4406 ,4405
56 ,4407
60 ,4408
4410 ,4409
4412 ,4411
8 ,4413
4415 ,4414
4417 ,4416
4419 ,4418
45 ,4420
68 ,4421
45 ,4422
4424 ,4423
10 ,4425
62 ,4426
4428 ,4427
4430 ,4429
4432 ,4431
4 ,4433
4435 ,4434
4437 ,4436
35 ,4438
4 ,4439
141 ,4440
16 ,4441
31 ,4442
35 ,4443
4445 ,4444
56 ,4446
141 ,4447
90 ,4448
4450 ,4449
68 ,4451
8 ,4452
4454 ,4453
52 ,4455
4457 ,4456
141 ,4458
20 ,4459
4 ,4460
41 ,4461
18 ,4462
62 ,4463
161 ,4464
141 ,4465
12 ,4466
4468 ,4467
4 ,4469
4471 ,4470
60 ,4472
4474 ,4473
68 ,4475
4 ,4476
31 ,4477
8 ,4478
68 ,4479
4481 ,4480
10 ,4482
4484 ,4483
16 ,4485
4487 ,4486
4489 ,4488
10 ,4490
4492 ,4491
4494 ,4493
4496 ,4495
4498 ,4497
18 ,4499
4 ,4500
78 ,4501
56 ,4502
12 ,4503
4505 ,4504
31 ,4506
4508 ,4507
4510 ,4509
4512 ,4511
12 ,4513
12 ,4514
47 ,4515
4517 ,4516
47 ,4518
161 ,4519
20 ,4520
4522 ,4521
4524 ,4523
16 ,4525
56 ,4526
4481 ,4527
60 ,4528
4530 ,4529
16 ,4531
4533 ,4532
4535 ,4534
4537 ,4536
4539 ,4538
119 ,4540
24 ,4541
52 ,4542
4 ,4543
52 ,4544
4546 ,4545
4548 ,4547
4550 ,4549
47 ,4551
4553 ,4552
8 ,4554
60 ,4555
10 ,4556
4558 ,4557
56 ,4559
4 ,4560
4562 ,4561
4564 ,4563
47 ,4565
60 ,4566
71 ,4567
41 ,4568
31 ,4569
20 ,4570
24 ,4571
161 ,4572
10 ,4573
4575 ,4574
4577 ,4576
161 ,4578
52 ,4579
16 ,4580
141 ,4581
56 ,4582
152 ,4583
4585 ,4584
35 ,4586
4588 ,4587
56 ,4589
4591 ,4590
141 ,4592
4594 ,4593
52 ,4595
161 ,4596
4598 ,4597
20 ,4599
562 ,4600
18 ,4601
16 ,4602
56 ,4603
20 ,4604
68 ,4605
152 ,4606
4608 ,4607
10 ,4609
35 ,4610
4612 ,4611
4614 ,4613
4616 ,4615
20 ,4617
56 ,4618
4620 ,4619
119 ,4621
4 ,4622
4 ,4623
90 ,4624
60 ,4625
71 ,4626
18 ,4627
4629 ,4628
78 ,4630
45 ,4631
8 ,4632
24 ,4633
10 ,4634
62 ,4635
71 ,4636
47 ,4637
4639 ,4638
68 ,4640
56 ,4641
90 ,4642
161 ,4643
10 ,4644
4646 ,4645
4648 ,4647
141 ,4649
161 ,4650
78 ,4651
31 ,4652
78 ,4653
47 ,4654
60 ,4655
60 ,4656
4658 ,4657
62 ,4659
141 ,4660
119 ,4661
60 ,4662
12 ,4663
4 ,4664
71 ,4665
20 ,4666
4668 ,4667
141 ,4669
161 ,4670
4672 ,4671
16 ,4673
52 ,4674
4676 ,4675
16 ,4677
60 ,4678
20 ,4679
31 ,4680
161 ,4681
4683 ,4682
35 ,4684
16 ,4685
90 ,4686
4688 ,4687
60 ,4689
4691 ,4690
4693 ,4692
4695 ,4694
119 ,4696
119 ,4697
4699 ,4698
41 ,4700
20 ,4701
4 ,4702
71 ,4703
4705 ,4704
4707 ,4706
12 ,4708
4710 ,4709
4712 ,4711
16 ,4713
8 ,4714
4716 ,4715
4718 ,4717
56 ,4719
16 ,4720
12 ,4721
4723 ,4722
90 ,4724
4726 ,4725
90 ,4727
16 ,4728
60 ,4729
90 ,4730
62 ,4731
52 ,4732
20 ,4733
12 ,4734
119 ,4735
4737 ,4736
4739 ,4738
4741 ,4740
141 ,4742
78 ,4743
4 ,4744
45 ,4745
4747 ,4746
4749 ,4748
152 ,4750
12 ,4751
62 ,4752
35 ,4753
161 ,4754
78 ,4755
90 ,4756
8 ,4757
4759 ,4758
161 ,4760
78 ,4761
35 ,4762
45 ,4763
152 ,4764
47 ,4765
10 ,4766
4768 ,4767
90 ,4769
8 ,4770
20 ,4771
18 ,4772
161 ,4773
4775 ,4774
4777 ,4776
4779 ,4778
161 ,4780
4782 ,4781
31 ,4783
78 ,4784
60 ,4785
68 ,4786
4788 ,4787
41 ,4789
47 ,4790
161 ,4791
24 ,4792
4794 ,4793
4796 ,4795
141 ,4797
78 ,4798
78 ,4799
4801 ,4800
4803 ,4802
52 ,4804
4806 ,4805
45 ,4807
60 ,4808
16 ,4809
4 ,4810
4812 ,4811
119 ,4813
4815 ,4814
24 ,4816
35 ,4817
4819 ,4818
4821 ,4820
4823 ,4822
12 ,4824
56 ,4825
68 ,4826
4828 ,4827
161 ,4829
4831 ,4830
4833 ,4832
4 ,4834
45 ,4835
90 ,4836
90 ,4837
4839 ,4838
31 ,4840
4842 ,4841
4844 ,4843
60 ,4845
10 ,4846
10 ,4847
71 ,4848
4850 ,4849
4852 ,4851
52 ,4853
4855 ,4854
4857 ,4856
20 ,4858
35 ,4859
4861 ,4860
45 ,4862
161 ,4863
2184 ,4864
35 ,4865
152 ,4866
41 ,4867
12 ,4868
161 ,4869
4871 ,4870
52 ,4872
16 ,4873
41 ,4874
45 ,4875
141 ,4876
8 ,4877
90 ,4878
4880 ,4879
47 ,4881
56 ,4882
35 ,4883
56 ,4884
56 ,4885
56 ,4886
4888 ,4887
4890 ,4889
4892 ,4891
4894 ,4893
4896 ,4895
141 ,4897
4899 ,4898
62 ,4900
24 ,4901
4903 ,4902
10 ,4904
161 ,4905
56 ,4906
4908 ,4907
119 ,4909
62 ,4910
4912 ,4911
18 ,4913
4915 ,4914
68 ,4916
4918 ,4917
56 ,4919
60 ,4920
41 ,4921
56 ,4922
161 ,4923
152 ,4924
78 ,4925
4927 ,4926
4929 ,4928
20 ,4930
4932 ,4931
47 ,4933
161 ,4934
4936 ,4935
4938 ,4937
45 ,4939
4941 ,4940
90 ,4942
16 ,4943
12 ,4944
16 ,4945
119 ,4946
45 ,4947
161 ,4948
152 ,4949
35 ,4950
4952 ,4951
4954 ,4953
56 ,4955
60 ,4956
47 ,4957
68 ,4958
60 ,4959
4961 ,4960
4 ,4962
161 ,4963
4965 ,4964
161 ,4966
35 ,4967
4969 ,4968
47 ,4970
4972 ,4971
4974 ,4973
68 ,4975
16 ,4976
4978 ,4977
56 ,4979
12 ,4980
4982 ,4981
152 ,4983
4985 ,4984
4987 ,4986
4989 ,4988
62 ,4990
47 ,4991
152 ,4992
4994 ,4993
60 ,4995
4997 ,4996
4 ,4998
41 ,4999
5001 ,5000
5003 ,5002
5005 ,5004
45 ,5006
5008 ,5007
52 ,5009
152 ,5010
4 ,5011
20 ,5012
35 ,5013
41 ,5014
5016 ,5015
5018 ,5017
5020 ,5019
78 ,5021
12 ,5022
12 ,5023
24 ,5024
161 ,5025
5027 ,5026
141 ,5028
20 ,5029
90 ,5030
47 ,5031
31 ,5032
5034 ,5033
20 ,5035
5037 ,5036
5039 ,5038
8 ,5040
16 ,5041
71 ,5042
10 ,5043
90 ,5044
60 ,5045
10 ,5046
16 ,5047
12 ,5048
5050 ,5049
60 ,5051
31 ,5052
41 ,5053
5055 ,5054
68 ,5056
141 ,5057
5059 ,5058
4 ,5060
8 ,5061
5063 ,5062
8 ,5064
5066 ,5065
5068 ,5067
5070 ,5069
5072 ,5071
5074 ,5073
5076 ,5075
5078 ,5077
47 ,5079
60 ,5080
18 ,5081
45 ,5082
5084 ,5083
47 ,5085
5087 ,5086
52 ,5088
4 ,5089
20 ,5090
141 ,5091
5093 ,5092
5095 ,5094
71 ,5096
71 ,5097
5099 ,5098
5101 ,5100
4 ,5102
119 ,5103
5105 ,5104
24 ,5106
10 ,5107
52 ,5108
60 ,5109
152 ,5110
16 ,5111
8 ,5112
41 ,5113
12 ,5114
60 ,5115
41 ,5116
52 ,5117
62 ,5118
35 ,5119
5121 ,5120
5123 ,5122
90 ,5124
5126 ,5125
35 ,5127
5129 ,5128
5131 ,5130
327 ,5132
5134 ,5133
60 ,5135
5137 ,5136
5139 ,5138
5141 ,5140
5143 ,5142
90 ,5144
60 ,5145
18 ,5146
10 ,5147
5149 ,5148
35 ,5150
41 ,5151
47 ,5152
20 ,5153
20 ,5154
78 ,5155
31 ,5156
45 ,5157
5159 ,5158
71 ,5160
141 ,5161
62 ,5162
152 ,5163
47 ,5164
5166 ,5165
31 ,5167
5169 ,5168
68 ,5170
5172 ,5171
5174 ,5173
56 ,5175
141 ,5176
5178 ,5177
152 ,5179
376 ,5180
5182 ,5181
78 ,5183
8 ,5184
71 ,5185
12 ,5186
141 ,5187
68 ,5188
31 ,5189
20 ,5190
161 ,5191
12 ,5192
90 ,5193
5195 ,5194
20 ,5196
5198 ,5197
10 ,5199
5201 ,5200
10 ,5202
78 ,5203
5205 ,5204
24 ,5206
5208 ,5207
60 ,5209
4 ,5210
5212 ,5211
5214 ,5213
24 ,5215
62 ,5216
10 ,5217
12 ,5218
5220 ,5219
5222 ,5221
4 ,5223
52 ,5224
5226 ,5225
18 ,5227
71 ,5228
52 ,5229
5231 ,5230
45 ,5232
5234 ,5233
56 ,5235
24 ,5236
12 ,5237
5239 ,5238
62 ,5240
78 ,5241
24 ,5242
5244 ,5243
78 ,5245
141 ,5246
5248 ,5247
90 ,5249
5251 ,5250
16 ,5252
62 ,5253
5255 ,5254
152 ,5256
47 ,5257
78 ,5258
71 ,5259
90 ,5260
16 ,5261
161 ,5262
5264 ,5263
4 ,5265
31 ,5266
5268 ,5267
52 ,5269
47 ,5270
35 ,5271
56 ,5272
5274 ,5273
18 ,5275
152 ,5276
5278 ,5277
71 ,5279
24 ,5280
78 ,5281
4 ,5282
24 ,5283
161 ,5284
18 ,5285
31 ,5286
5288 ,5287
16 ,5289
10 ,5290
35 ,5291
24 ,5292
8 ,5293
5295 ,5294
5297 ,5296
5299 ,5298
41 ,5300
5302 ,5301
152 ,5303
5305 ,5304
78 ,5306
52 ,5307
10 ,5308
119 ,5309
45 ,5310
141 ,5311
119 ,5312
90 ,5313
24 ,5314
161 ,5315
16 ,5316
5318 ,5317
5320 ,5319
35 ,5321
5323 ,5322
5325 ,5324
161 ,5326
78 ,5327
5329 ,5328
68 ,5330
90 ,5331
152 ,5332
41 ,5333
5335 ,5334
5337 ,5336
10 ,5338
52 ,5339
24 ,5340
20 ,5341
5343 ,5342
31 ,5344
8 ,5345
16 ,5346
12 ,5347
141 ,5348
45 ,5349
18 ,5350
90 ,5351
78 ,5352
10 ,5353
5355 ,5354
41 ,5356
16 ,5357
5359 ,5358
24 ,5360
12 ,5361
161 ,5362
8 ,5363
52 ,5364
52 ,5365
152 ,5366
16 ,5367
90 ,5368
5370 ,5369
68 ,5371
5373 ,5372
12 ,5374
119 ,5375
161 ,5376
5378 ,5377
31 ,5379
90 ,5380
5382 ,5381
119 ,5383
5385 ,5384
5387 ,5386
68 ,5388
5390 ,5389
152 ,5391
5393 ,5392
16 ,5394
78 ,5395
5397 ,5396
45 ,5398
12 ,5399
90 ,5400
52 ,5401
18 ,5402
24 ,5403
5405 ,5404
5407 ,5406
5409 ,5408
20 ,5410
56 ,5411
78 ,5412
152 ,5413
62 ,5414
52 ,5415
5417 ,5416
5419 ,5418
68 ,5420
161 ,5421
56 ,5422
119 ,5423
62 ,5424
141 ,5425
161 ,5426
71 ,5427
71 ,5428
5430 ,5429
68 ,5431
5433 ,5432
10 ,5434
5436 ,5435
5438 ,5437
5440 ,5439
16 ,5441
56 ,5442
5444 ,5443
5446 ,5445
31 ,5447
5449 ,5448
20 ,5450
5452 ,5451
152 ,5453
5455 ,5454
45 ,5456
5458 ,5457
10 ,5459
52 ,5460
78 ,5461
56 ,5462
24 ,5463
5465 ,5464
5467 ,5466
5469 ,5468
5471 ,5470
20 ,5472
161 ,5473
12 ,5474
5476 ,5475
35 ,5477
47 ,5478
41 ,5479
8 ,5480
18 ,5481
52 ,5482
5484 ,5483
5486 ,5485
47 ,5487
141 ,5488
5490 ,5489
56 ,5491
4 ,5492
161 ,5493
35 ,5494
56 ,5495
31 ,5496
5498 ,5497
62 ,5499
5501 ,5500
78 ,5502
60 ,5503
47 ,5504
5506 ,5505
5508 ,5507
35 ,5509
20 ,5510
71 ,5511
5513 ,5512
5515 ,5514
24 ,5516
8 ,5517
5519 ,5518
68 ,5520
52 ,5521
10 ,5522
8 ,5523
5525 ,5524
62 ,5526
35 ,5527
56 ,5528
141 ,5529
5531 ,5530
5533 ,5532
5535 ,5534
5537 ,5536
24 ,5538
90 ,5539
119 ,5540
18 ,5541
47 ,5542
10 ,5543
4 ,5544
5546 ,5545
90 ,5547
152 ,5548
16 ,5549
20 ,5550
5552 ,5551
8 ,5553
31 ,5554
45 ,5555
5557 ,5556
10 ,5558
56 ,5559
5561 ,5560
119 ,5562
5564 ,5563
90 ,5565
18 ,5566
5568 ,5567
5570 ,5569
56 ,5571
4 ,5572
31 ,5573
10 ,5574
12 ,5575
90 ,5576
71 ,5577
16 ,5578
24 ,5579
24 ,5580
68 ,5581
60 ,5582
5584 ,5583
152 ,5585
41 ,5586
78 ,5587
78 ,5588
31 ,5589
5591 ,5590
152 ,5592
18 ,5593
52 ,5594
5596 ,5595
16 ,5597
16 ,5598
5600 ,5599
60 ,5601
5603 ,5602
12 ,5604
24 ,5605
5607 ,5606
4 ,5608
152 ,5609
71 ,5610
141 ,5611
56 ,5612
5614 ,5613
141 ,5615
5617 ,5616
8 ,5618
5620 ,5619
56 ,5621
47 ,5622
4 ,5623
141 ,5624
5626 ,5625
35 ,5627
161 ,5628
47 ,5629
62 ,5630
56 ,5631
5633 ,5632
10 ,5634
5636 ,5635
47 ,5637
71 ,5638
52 ,5639
18 ,5640
24 ,5641
4 ,5642
5644 ,5643
5646 ,5645
141 ,5647
5649 ,5648
141 ,5650
31 ,5651
152 ,5652
90 ,5653
5655 ,5654
71 ,5656
18 ,5657
41 ,5658
5660 ,5659
12 ,5661
60 ,5662
18 ,5663
56 ,5664
5666 ,5665
18 ,5667
5669 ,5668
35 ,5670
47 ,5671
152 ,5672
5674 ,5673
161 ,5675
35 ,5676
5678 ,5677
16 ,5679
5681 ,5680
152 ,5682
4 ,5683
5685 ,5684
10 ,5686
5688 ,5687
35 ,5689
62 ,5690
5692 ,5691
5694 ,5693
56 ,5695
5697 ,5696
20 ,5698
78 ,5699
60 ,5700
41 ,5701
71 ,5702
68 ,5703
41 ,5704
62 ,5705
47 ,5706
90 ,5707
4 ,5708
62 ,5709
5711 ,5710
18 ,5712
71 ,5713
78 ,5714
60 ,5715
68 ,5716
161 ,5717
5719 ,5718
5721 ,5720
141 ,5722
5724 ,5723
10 ,5725
20 ,5726
56 ,5727
5729 ,5728
5731 ,5730
10 ,5732
90 ,5733
71 ,5734
47 ,5735
18 ,5736
78 ,5737
78 ,5738
5740 ,5739
62 ,5741
5743 ,5742
47 ,5744
5746 ,5745
141 ,5747
78 ,5748
161 ,5749
5751 ,5750
45 ,5752
16 ,5753
24 ,5754
35 ,5755
56 ,5756
5758 ,5757
68 ,5759
31 ,5760
71 ,5761
5763 ,5762
12 ,5764
20 ,5765
5767 ,5766
56 ,5768
5770 ,5769
5772 ,5771
71 ,5773
60 ,5774
5776 ,5775
119 ,5777
24 ,5778
62 ,5779
90 ,5780
5782 ,5781
5784 ,5783
4 ,5785
5787 ,5786
152 ,5788
5790 ,5789
45 ,5791
16 ,5792
31 ,5793
5795 ,5794
152 ,5796
5798 ,5797
12 ,5799
119 ,5800
5802 ,5801
5804 ,5803
5806 ,5805
20 ,5807
47 ,5808
52 ,5809
71 ,5810
5812 ,5811
41 ,5813
5815 ,5814
62 ,5816
119 ,5817
78 ,5818
56 ,5819
5821 ,5820
24 ,5822
141 ,5823
24 ,5824
5826 ,5825
45 ,5827
78 ,5828
5830 ,5829
10 ,5831
4 ,5832
41 ,5833
5835 ,5834
5837 ,5836
18 ,5838
5840 ,5839
5842 ,5841
5844 ,5843
5846 ,5845
141 ,5847
16 ,5848
45 ,5849
52 ,5850
16 ,5851
141 ,5852
20 ,5853
62 ,5854
35 ,5855
4 ,5856
5858 ,5857
90 ,5859
161 ,5860
18 ,5861
5863 ,5862
68 ,5864
5866 ,5865
119 ,5867
35 ,5868
5870 ,5869
141 ,5871
45 ,5872
90 ,5873
68 ,5874
62 ,5875
52 ,5876
10 ,5877
5879 ,5878
56 ,5880
5882 ,5881
5884 ,5883
5886 ,5885
5888 ,5887
5890 ,5889
5892 ,5891
16 ,5893
52 ,5894
5896 ,5895
90 ,5897
8 ,5898
5900 ,5899
41 ,5901
62 ,5902
68 ,5903
5905 ,5904
68 ,5906
5908 ,5907
52 ,5909
52 ,5910
10 ,5911
4 ,5912
56 ,5913
141 ,5914
5916 ,5915
24 ,5917
31 ,5918
45 ,5919
161 ,5920
5922 ,5921
56 ,5923
5925 ,5924
68 ,5926
56 ,5927
90 ,5928
4388 ,5929
161 ,5930
141 ,5931
35 ,5932
31 ,5933
4 ,5934
5936 ,5935
56 ,5937
20 ,5938
5940 ,5939
5942 ,5941
5944 ,5943
5946 ,5945
152 ,5947
78 ,5948
4 ,5949
41 ,5950
5952 ,5951
5954 ,5953
56 ,5955
62 ,5956
5958 ,5957
90 ,5959
16 ,5960
68 ,5961
60 ,5962
5964 ,5963
60 ,5965
24 ,5966
12 ,5967
35 ,5968
5970 ,5969
161 ,5971
31 ,5972
5974 ,5973
4 ,5975
5977 ,5976
90 ,5978
16 ,5979
119 ,5980
5982 ,5981
5984 ,5983
8 ,5985
52 ,5986
24 ,5987
5989 ,5988
10 ,5990
20 ,5991
20 ,5992
5994 ,5993
41 ,5995
5997 ,5996
18 ,5998
41 ,5999
6001 ,6000
4 ,6002
6004 ,6003
6006 ,6005
41 ,6007
6009 ,6008
56 ,6010
90 ,6011
6013 ,6012
24 ,6014
24 ,6015
52 ,6016
8 ,6017
6019 ,6018
47 ,6020
141 ,6021
141 ,6022
6024 ,6023
6026 ,6025
90 ,6027
68 ,6028
90 ,6029
6031 ,6030
8 ,6032
18 ,6033
6035 ,6034
52 ,6036
24 ,6037
10 ,6038
6040 ,6039
24 ,6041
152 ,6042
47 ,6043
4 ,6044
6046 ,6045
6048 ,6047
12 ,6049
6051 ,6050
6053 ,6052
35 ,6054
6056 ,6055
4 ,6057
90 ,6058
24 ,6059
20 ,6060
16 ,6061
20 ,6062
41 ,6063
6065 ,6064
6067 ,6066
8 ,6068
60 ,6069
68 ,6070
161 ,6071
35 ,6072
20 ,6073
12 ,6074
152 ,6075
35 ,6076
90 ,6077
90 ,6078
141 ,6079
161 ,6080
6082 ,6081
6084 ,6083
60 ,6085
6087 ,6086
68 ,6088
20 ,6089
71 ,6090
90 ,6091
141 ,6092
45 ,6093
10 ,6094
152 ,6095
6097 ,6096
31 ,6098
6100 ,6099
52 ,6101
16 ,6102
438 ,6103
16 ,6104
10 ,6105
6107 ,6106
52 ,6108
152 ,6109
6111 ,6110
35 ,6112
45 ,6113
62 ,6114
31 ,6115
78 ,6116
62 ,6117
6119 ,6118
6121 ,6120
6123 ,6122
78 ,6124
60 ,6125
4 ,6126
10 ,6127
152 ,6128
20 ,6129
20 ,6130
24 ,6131
41 ,6132
6134 ,6133
161 ,6135
20 ,6136
62 ,6137
6139 ,6138
35 ,6140
8 ,6141
6143 ,6142
31 ,6144
6146 ,6145
6148 ,6147
56 ,6149
6151 ,6150
24 ,6152
52 ,6153
68 ,6154
6156 ,6155
56 ,6157
152 ,6158
45 ,6159
71 ,6160
10 ,6161
41 ,6162
6164 ,6163
141 ,6165
47 ,6166
52 ,6167
41 ,6168
56 ,6169
4 ,6170
24 ,6171
24 ,6172
6174 ,6173
68 ,6175
6177 ,6176
6179 ,6178
47 ,6180
6182 ,6181
31 ,6183
18 ,6184
6186 ,6185
119 ,6187
20 ,6188
4 ,6189
8 ,6190
4 ,6191
152 ,6192
6194 ,6193
119 ,6195
6197 ,6196
90 ,6198
1530 ,6199
6201 ,6200
6203 ,6202
52 ,6204
6206 ,6205
6208 ,6207
78 ,6209
56 ,6210
24 ,6211
20 ,6212
68 ,6213
8 ,6214
12 ,6215
71 ,6216
41 ,6217
60 ,6218
35 ,6219
6221 ,6220
6223 ,6222
16 ,6224
68 ,6225
20 ,6226
71 ,6227
6229 ,6228
18 ,6230
161 ,6231
16 ,6232
47 ,6233
6235 ,6234
20 ,6236
41 ,6237
12 ,6238
12 ,6239
119 ,6240
6242 ,6241
4927 ,6243
10 ,6244
6246 ,6245
56 ,6247
60 ,6248
6250 ,6249
152 ,6251
60 ,6252
6254 ,6253
6256 ,6255
56 ,6257
6259 ,6258
6261 ,6260
8 ,6262
35 ,6263
20 ,6264
141 ,6265
45 ,6266
24 ,6267
6269 ,6268
6271 ,6270
60 ,6272
6274 ,6273
6276 ,6275
71 ,6277
90 ,6278
10 ,6279
10 ,6280
161 ,6281
16 ,6282
6284 ,6283
6286 ,6285
6288 ,6287
20 ,6289
12 ,6290
60 ,6291
41 ,6292
47 ,6293
8 ,6294
35 ,6295
141 ,6296
10 ,6297
119 ,6298
6300 ,6299
12 ,6301
41 ,6302
24 ,6303
6305 ,6304
8 ,6306
71 ,6307
56 ,6308
6310 ,6309
16 ,6311
141 ,6312
6314 ,6313
71 ,6315
6317 ,6316
119 ,6318
6320 ,6319
41 ,6321
78 ,6322
6324 ,6323
47 ,6325
6327 ,6326
6329 ,6328
10 ,6330
6332 ,6331
78 ,6333
35 ,6334
6336 ,6335
18 ,6337
47 ,6338
90 ,6339
6341 ,6340
24 ,6342
6344 ,6343
31 ,6345
41 ,6346
6348 ,6347
6350 ,6349
71 ,6351
10 ,6352
6354 ,6353
4 ,6355
6357 ,6356
8 ,6358
16 ,6359
35 ,6360
4 ,6361
90 ,6362
10 ,6363
52 ,6364
20 ,6365
8 ,6366
6368 ,6367
6370 ,6369
6372 ,6371
90 ,6373
4 ,6374
47 ,6375
12 ,6376
6378 ,6377
35 ,6379
71 ,6380
35 ,6381
45 ,6382
41 ,6383
161 ,6384
52 ,6385
41 ,6386
6388 ,6387
6390 ,6389
47 ,6391
6393 ,6392
6395 ,6394
68 ,6396
31 ,6397
24 ,6398
62 ,6399
6401 ,6400
41 ,6402
12 ,6403
24 ,6404
71 ,6405
35 ,6406
20 ,6407
327 ,6408
68 ,6409
45 ,6410
31 ,6411
141 ,6412
78 ,6413
12 ,6414
47 ,6415
20 ,6416
52 ,6417
161 ,6418
161 ,6419
10 ,6420
6422 ,6421
20 ,6423
35 ,6424
68 ,6425
6427 ,6426
141 ,6428
6430 ,6429
47 ,6431
10 ,6432
4 ,6433
78 ,6434
6436 ,6435
24 ,6437
6439 ,6438
6441 ,6440
6443 ,6442
41 ,6444
141 ,6445
12 ,6446
31 ,6447
52 ,6448
35 ,6449
52 ,6450
6452 ,6451
119 ,6453
10 ,6454
6456 ,6455
68 ,6457
71 ,6458
52 ,6459
141 ,6460
6462 ,6461
16 ,6463
6465 ,6464
119 ,6466
152 ,6467
56 ,6468
78 ,6469
6471 ,6470
6473 ,6472
31 ,6474
56 ,6475
47 ,6476
6478 ,6477
56 ,6479
141 ,6480
6482 ,6481
6484 ,6483
161 ,6485
6487 ,6486
6489 ,6488
47 ,6490
6492 ,6491
68 ,6493
6495 ,6494
6497 ,6496
16 ,6498
47 ,6499
45 ,6500
24 ,6501
41 ,6502
71 ,6503
6505 ,6504
31 ,6506
60 ,6507
10 ,6508
6510 ,6509
161 ,6511
6513 ,6512
71 ,6514
47 ,6515
8 ,6516
119 ,6517
71 ,6518
12 ,6519
41 ,6520
60 ,6521
90 ,6522
78 ,6523
10 ,6524
6526 ,6525
6528 ,6527
4 ,6529
8 ,6530
6532 ,6531
152 ,6533
6535 ,6534
24 ,6536
16 ,6537
6539 ,6538
6541 ,6540
119 ,6542
41 ,6543
20 ,6544
152 ,6545
24 ,6546
18 ,6547
90 ,6548
6550 ,6549
6552 ,6551
6554 ,6553
78 ,6555
90 ,6556
24 ,6557
16 ,6558
8 ,6559
141 ,6560
47 ,6561
47 ,6562
6564 ,6563
71 ,6565
71 ,6566
20 ,6567
6569 ,6568
52 ,6570
10 ,6571
78 ,6572
68 ,6573
4 ,6574
24 ,6575
6577 ,6576
56 ,6578
6580 ,6579
24 ,6581
47 ,6582
16 ,6583
71 ,6584
62 ,6585
56 ,6586
6588 ,6587
6590 ,6589
35 ,6591
20 ,6592
152 ,6593
45 ,6594
6596 ,6595
71 ,6597
6599 ,6598
18 ,6600
161 ,6601
6603 ,6602
71 ,6604
41 ,6605
47 ,6606
16 ,6607
20 ,6608
6610 ,6609
18 ,6611
56 ,6612
45 ,6613
6615 ,6614
12 ,6616
6618 ,6617
6620 ,6619
71 ,6621
78 ,6622
56 ,6623
60 ,6624
6626 ,6625
62 ,6627
6629 ,6628
6631 ,6630
56 ,6632
45 ,6633
47 ,6634
31 ,6635
16 ,6636
6638 ,6637
6640 ,6639
47 ,6641
6643 ,6642
68 ,6644
6646 ,6645
24 ,6647
45 ,6648
41 ,6649
60 ,6650
8 ,6651
90 ,6652
6654 ,6653
6656 ,6655
10 ,6657
45 ,6658
60 ,6659
16 ,6660
6662 ,6661
12 ,6663
71 ,6664
6666 ,6665
90 ,6667
8 ,6668
4 ,6669
24 ,6670
90 ,6671
60 ,6672
24 ,6673
71 ,6674
8 ,6675
45 ,6676
161 ,6677
16 ,6678
90 ,6679
8 ,6680
47 ,6681
6683 ,6682
78 ,6684
10 ,6685
90 ,6686
119 ,6687
6689 ,6688
35 ,6690
12 ,6691
47 ,6692
995 ,6693
52 ,6694
90 ,6695
18 ,6696
78 ,6697
6699 ,6698
6701 ,6700
6703 ,6702
6705 ,6704
141 ,6706
119 ,6707
6709 ,6708
141 ,6710
141 ,6711
161 ,6712
90 ,6713
152 ,6714
71 ,6715
71 ,6716
56 ,6717
56 ,6718
41 ,6719
10 ,6720
71 ,6721
31 ,6722
45 ,6723
90 ,6724
47 ,6725
45 ,6726
6728 ,6727
6730 ,6729
56 ,6731
161 ,6732
6734 ,6733
60 ,6735
6737 ,6736
78 ,6738
35 ,6739
6741 ,6740
6743 ,6742
62 ,6744
16 ,6745
6747 ,6746
60 ,6748
78 ,6749
6751 ,6750
6753 ,6752
6755 ,6754
18 ,6756
24 ,6757
78 ,6758
35 ,6759
119 ,6760
119 ,6761
4 ,6762
152 ,6763
90 ,6764
152 ,6765
6767 ,6766
1530 ,6768
24 ,6769
119 ,6770
45 ,6771
6773 ,6772
60 ,6774
6776 ,6775
56 ,6777
60 ,6778
6780 ,6779
4 ,6781
41 ,6782
71 ,6783
6785 ,6784
6787 ,6786
141 ,6788
12 ,6789
45 ,6790
10 ,6791
18 ,6792
6794 ,6793
161 ,6795
41 ,6796
6798 ,6797
8 ,6799
12 ,6800
52 ,6801
45 ,6802
6804 ,6803
24 ,6805
6807 ,6806
10 ,6808
6810 ,6809
10 ,6811
10 ,6812
6814 ,6813
90 ,6815
6817 ,6816
45 ,6818
12 ,6819
45 ,6820
6822 ,6821
8 ,6823
68 ,6824
24 ,6825
6827 ,6826
35 ,6828
152 ,6829
12 ,6830
376 ,6831
6833 ,6832
60 ,6834
18 ,6835
16 ,6836
6838 ,6837
45 ,6839
41 ,6840
6842 ,6841
141 ,6843
8 ,6844
47 ,6845
35 ,6846
119 ,6847
68 ,6848
6850 ,6849
62 ,6851
152 ,6852
141 ,6853
6855 ,6854
47 ,6856
6858 ,6857
8 ,6859
56 ,6860
20 ,6861
6863 ,6862
152 ,6864
6866 ,6865
119 ,6867
45 ,6868
24 ,6869
161 ,6870
6872 ,6871
56 ,6873
45 ,6874
24 ,6875
152 ,6876
6878 ,6877
12 ,6879
8 ,6880
24 ,6881
6883 ,6882
41 ,6884
6886 ,6885
41 ,6887
16 ,6888
31 ,6889
31 ,6890
6892 ,6891
16 ,6893
56 ,6894
56 ,6895
10 ,6896
16 ,6897
35 ,6898
31 ,6899
119 ,6900
78 ,6901
6903 ,6902
161 ,6904
6906 ,6905
68 ,6907
6909 ,6908
6911 ,6910
6913 ,6912
6915 ,6914
68 ,6916
60 ,6917
6919 ,6918
6921 ,6920
8 ,6922
152 ,6923
8 ,6924
6926 ,6925
6928 ,6927
141 ,6929
4 ,6930
60 ,6931
47 ,6932
161 ,6933
31 ,6934
4 ,6935
90 ,6936
31 ,6937
41 ,6938
119 ,6939
10 ,6940
35 ,6941
6943 ,6942
4 ,6944
12 ,6945
6947 ,6946
6949 ,6948
12 ,6950
161 ,6951
141 ,6952
6954 ,6953
6956 ,6955
10 ,6957
119 ,6958
6960 ,6959
47 ,6961
6963 ,6962
47 ,6964
18 ,6965
4 ,6966
41 ,6967
6969 ,6968
6971 ,6970
60 ,6972
152 ,6973
10 ,6974
6976 ,6975
47 ,6977
6979 ,6978
31 ,6980
60 ,6981
20 ,6982
31 ,6983
60 ,6984
56 ,6985
6987 ,6986
119 ,6988
31 ,6989
78 ,6990
68 ,6991
6993 ,6992
18 ,6994
16 ,6995
45 ,6996
10 ,6997
62 ,6998
7000 ,6999
7002 ,7001
62 ,7003
141 ,7004
52 ,7005
20 ,7006
152 ,7007
7009 ,7008
438 ,7010
7012 ,7011
35 ,7013
90 ,7014
119 ,7015
119 ,7016
71 ,7017
35 ,7018
4 ,7019
7021 ,7020
161 ,7022
47 ,7023
161 ,7024
68 ,7025
45 ,7026
7028 ,7027
7030 ,7029
68 ,7031
152 ,7032
78 ,7033
60 ,7034
10 ,7035
90 ,7036
35 ,7037
24 ,7038
18 ,7039
161 ,7040
20 ,7041
10 ,7042
7044 ,7043
7046 ,7045
7048 ,7047
35 ,7049
12 ,7050
7052 ,7051
60 ,7053
47 ,7054
161 ,7055
71 ,7056
90 ,7057
90 ,7058
152 ,7059
4 ,7060
8 ,7061
68 ,7062
62 ,7063
10 ,7064
141 ,7065
71 ,7066
7068 ,7067
161 ,7069
56 ,7070
7072 ,7071
7074 ,7073
141 ,7075
71 ,7076
16 ,7077
161 ,7078
47 ,7079
68 ,7080
8 ,7081
16 ,7082
7084 ,7083
4481 ,7085
8 ,7086
10 ,7087
7089 ,7088
7091 ,7090
90 ,7092
78 ,7093
7095 ,7094
4 ,7096
35 ,7097
35 ,7098
141 ,7099
141 ,7100
31 ,7101
41 ,7102
10 ,7103
20 ,7104
35 ,7105
71 ,7106
41 ,7107
4 ,7108
7110 ,7109
141 ,7111
31 ,7112
47 ,7113
7115 ,7114
31 ,7116
56 ,7117
16 ,7118
7120 ,7119
10 ,7121
7123 ,7122
7125 ,7124
35 ,7126
78 ,7127
78 ,7128
45 ,7129
60 ,7130
7132 ,7131
35 ,7133
7135 ,7134
12 ,7136
7138 ,7137
7140 ,7139
7142 ,7141
16 ,7143
4 ,7144
52 ,7145
141 ,7146
7148 ,7147
62 ,7149
47 ,7150
45 ,7151
20 ,7152
152 ,7153
47 ,7154
10 ,7155
7157 ,7156
10 ,7158
41 ,7159
16 ,7160
8 ,7161
68 ,7162
7164 ,7163
4 ,7165
31 ,7166
161 ,7167
78 ,7168
31 ,7169
10 ,7170
56 ,7171
18 ,7172
45 ,7173
45 ,7174
7176 ,7175
52 ,7177
35 ,7178
161 ,7179
152 ,7180
161 ,7181
10 ,7182
152 ,7183
47 ,7184
7186 ,7185
7188 ,7187
152 ,7189
60 ,7190
7192 ,7191
31 ,7193
7195 ,7194
56 ,7196
7198 ,7197
7200 ,7199
18 ,7201
10 ,7202
7204 ,7203
20 ,7205
20 ,7206
7208 ,7207
7210 ,7209
60 ,7211
45 ,7212
7214 ,7213
56 ,7215
41 ,7216
68 ,7217
7219 ,7218
7221 ,7220
78 ,7222
47 ,7223
18 ,7224
141 ,7225
45 ,7226
90 ,7227
24 ,7228
7230 ,7229
31 ,7231
20 ,7232
7234 ,7233
7236 ,7235
90 ,7237
20 ,7238
7240 ,7239
20 ,7241
62 ,7242
119 ,7243
7245 ,7244
45 ,7246
152 ,7247
7249 ,7248
7251 ,7250
12 ,7252
68 ,7253
7255 ,7254
56 ,7256
8 ,7257
7259 ,7258
141 ,7260
68 ,7261
41 ,7262
56 ,7263
35 ,7264
35 ,7265
161 ,7266
798 ,7267
12 ,7268
8 ,7269
7271 ,7270
7273 ,7272
119 ,7274
56 ,7275
31 ,7276
47 ,7277
24 ,7278
4 ,7279
119 ,7280
7282 ,7281
68 ,7283
10 ,7284
45 ,7285
8 ,7286
8 ,7287
161 ,7288
60 ,7289
41 ,7290
35 ,7291
56 ,7292
152 ,7293
119 ,7294
35 ,7295
71 ,7296
47 ,7297
78 ,7298
7300 ,7299
152 ,7301
78 ,7302
7304 ,7303
41 ,7305
7307 ,7306
35 ,7308
7310 ,7309
4 ,7311
152 ,7312
152 ,7313
60 ,7314
7316 ,7315
60 ,7317
24 ,7318
45 ,7319
71 ,7320
47 ,7321
119 ,7322
141 ,7323
62 ,7324
90 ,7325
60 ,7326
8 ,7327
18 ,7328
10 ,7329
7331 ,7330
31 ,7332
52 ,7333
7335 ,7334
7337 ,7336
35 ,7338
68 ,7339
52 ,7340
45 ,7341
7343 ,7342
7345 ,7344
52 ,7346
7348 ,7347
16 ,7349
7351 ,7350
35 ,7352
60 ,7353
41 ,7354
7356 ,7355
20 ,7357
45 ,7358
90 ,7359
68 ,7360
161 ,7361
52 ,7362
4 ,7363
8 ,7364
119 ,7365
119 ,7366
45 ,7367
41 ,7368
12 ,7369
7371 ,7370
60 ,7372
7374 ,7373
52 ,7375
52 ,7376
141 ,7377
20 ,7378
10 ,7379
8 ,7380
47 ,7381
4 ,7382
141 ,7383
7310 ,7384
7386 ,7385
56 ,7387
4 ,7388
68 ,7389
45 ,7390
152 ,7391
7393 ,7392
161 ,7394
4 ,7395
7397 ,7396
60 ,7398
618 ,7399
90 ,7400
31 ,7401
7403 ,7402
7405 ,7404
7407 ,7406
119 ,7408
62 ,7409
60 ,7410
52 ,7411
56 ,7412
31 ,7413
8 ,7414
152 ,7415
7417 ,7416
24 ,7418
52 ,7419
68 ,7420
10 ,7421
35 ,7422
78 ,7423
161 ,7424
7426 ,7425
52 ,7427
12 ,7428
119 ,7429
16 ,7430
161 ,7431
161 ,7432
7434 ,7433
78 ,7435
20 ,7436
52 ,7437
41 ,7438
56 ,7439
4 ,7440
12 ,7441
7443 ,7442
60 ,7444
18 ,7445
7447 ,7446
41 ,7448
7450 ,7449
7452 ,7451
20 ,7453
161 ,7454
7456 ,7455
45 ,7457
7459 ,7458
68 ,7460
119 ,7461
47 ,7462
68 ,7463
7465 ,7464
18 ,7466
7468 ,7467
7470 ,7469
10 ,7471
7473 ,7472
119 ,7474
7476 ,7475
62 ,7477
90 ,7478
7480 ,7479
8 ,7481
52 ,7482
152 ,7483
7485 ,7484
56 ,7486
35 ,7487
16 ,7488
24 ,7489
78 ,7490
7492 ,7491
45 ,7493
90 ,7494
161 ,7495
78 ,7496
7498 ,7497
18 ,7499
52 ,7500
47 ,7501
10 ,7502
52 ,7503
45 ,7504
60 ,7505
152 ,7506
141 ,7507
60 ,7508
47 ,7509
45 ,7510
78 ,7511
7513 ,7512
7515 ,7514
7517 ,7516
7519 ,7518
8 ,7520
7522 ,7521
10 ,7523
7525 ,7524
4 ,7526
20 ,7527
161 ,7528
7530 ,7529
8 ,7531
7533 ,7532
141 ,7534
8 ,7535
20 ,7536
7538 ,7537
31 ,7539
7541 ,7540
12 ,7542
7544 ,7543
12 ,7545
1196 ,7546
60 ,7547
20 ,7548
7550 ,7549
35 ,7551
20 ,7552
4 ,7553
7555 ,7554
41 ,7556
45 ,7557
90 ,7558
7560 ,7559
10 ,7561
68 ,7562
7564 ,7563
52 ,7565
10 ,7566
7568 ,7567
16 ,7569
56 ,7570
56 ,7571
45 ,7572
7574 ,7573
56 ,7575
7577 ,7576
7579 ,7578
18 ,7580
7582 ,7581
71 ,7583
7585 ,7584
7587 ,7586
52 ,7588
7590 ,7589
18 ,7591
7593 ,7592
24 ,7594
45 ,7595
161 ,7596
71 ,7597
78 ,7598
31 ,7599
16 ,7600
119 ,7601
7603 ,7602
7605 ,7604
152 ,7606
16 ,7607
7609 ,7608
71 ,7610
68 ,7611
20 ,7612
45 ,7613
47 ,7614
18 ,7615
71 ,7616
18 ,7617
7619 ,7618
16 ,7620
7622 ,7621
4 ,7623
2184 ,7624
24 ,7625
152 ,7626
7628 ,7627
7630 ,7629
12 ,7631
45 ,7632
35 ,7633
7635 ,7634
7637 ,7636
7639 ,7638
7641 ,7640
31 ,7642
35 ,7643
31 ,7644
52 ,7645
7647 ,7646
16 ,7648
31 ,7649
62 ,7650
56 ,7651
62 ,7652
62 ,7653
7655 ,7654
47 ,7656
7658 ,7657
20 ,7659
7661 ,7660
24 ,7662
7664 ,7663
7666 ,7665
45 ,7667
152 ,7668
78 ,7669
71 ,7670
16 ,7671
7673 ,7672
10 ,7674
12 ,7675
56 ,7676
327 ,7677
45 ,7678
24 ,7679
152 ,7680
8 ,7681
7683 ,7682
4 ,7684
7686 ,7685
56 ,7687
62 ,7688
7690 ,7689
62 ,7691
7693 ,7692
20 ,7694
7696 ,7695
31 ,7697
90 ,7698
41 ,7699
60 ,7700
18 ,7701
7703 ,7702
7705 ,7704
68 ,7706
56 ,7707
68 ,7708
7710 ,7709
7712 ,7711
68 ,7713
24 ,7714
41 ,7715
7717 ,7716
52 ,7718
7720 ,7719
7722 ,7721
7724 ,7723
47 ,7725
152 ,7726
7728 ,7727
71 ,7729
7731 ,7730
35 ,7732
8 ,7733
90 ,7734
45 ,7735
90 ,7736
16 ,7737
7739 ,7738
7741 ,7740
7743 ,7742
119 ,7744
35 ,7745
52 ,7746
161 ,7747
8 ,7748
4 ,7749
31 ,7750
18 ,7751
10 ,7752
52 ,7753
68 ,7754
52 ,7755
7757 ,7756
7759 ,7758
119 ,7760
78 ,7761
56 ,7762
56 ,7763
41 ,7764
152 ,7765
68 ,7766
62 ,7767
18 ,7768
8 ,7769
24 ,7770
8 ,7771
56 ,7772
7774 ,7773
62 ,7775
7777 ,7776
41 ,7778
20 ,7779
10 ,7780
35 ,7781
90 ,7782
7784 ,7783
56 ,7785
52 ,7786
7788 ,7787
7790 ,7789
41 ,7791
4 ,7792
47 ,7793
45 ,7794
7796 ,7795
7798 ,7797
141 ,7799
71 ,7800
52 ,7801
1196 ,7802
71 ,7803
56 ,7804
141 ,7805
60 ,7806
24 ,7807
7809 ,7808
78 ,7810
141 ,7811
52 ,7812
7814 ,7813
8 ,7815
60 ,7816
20 ,7817
4 ,7818
20 ,7819
18 ,7820
24 ,7821
7823 ,7822
4 ,7824
60 ,7825
60 ,7826
7828 ,7827
90 ,7829
20 ,7830
119 ,7831
41 ,7832
16 ,7833
161 ,7834
62 ,7835
7837 ,7836
141 ,7838
47 ,7839
16 ,7840
52 ,7841
78 ,7842
16 ,7843
141 ,7844
35 ,7845
1756 ,7846
56 ,7847
7849 ,7848
7851 ,7850
52 ,7852
7854 ,7853
41 ,7855
161 ,7856
141 ,7857
7859 ,7858
12 ,7860
90 ,7861
10 ,7862
7864 ,7863
71 ,7865
7867 ,7866
7869 ,7868
7871 ,7870
12 ,7872
24 ,7873
141 ,7874
18 ,7875
12 ,7876
24 ,7877
7879 ,7878
7881 ,7880
7883 ,7882
7885 ,7884
7887 ,7886
7889 ,7888
18 ,7890
56 ,7891
52 ,7892
71 ,7893
41 ,7894
7896 ,7895
20 ,7897
10 ,7898
16 ,7899
47 ,7900
7902 ,7901
4 ,7903
35 ,7904
161 ,7905
7907 ,7906
8 ,7908
10 ,7909
7911 ,7910
90 ,7912
35 ,7913
7915 ,7914
68 ,7916
71 ,7917
31 ,7918
52 ,7919
16 ,7920
16 ,7921
7923 ,7922
161 ,7924
35 ,7925
7927 ,7926
45 ,7928
78 ,7929
60 ,7930
10 ,7931
68 ,7932
141 ,7933
16 ,7934
12 ,7935
47 ,7936
4 ,7937
35 ,7938
152 ,7939
8 ,7940
152 ,7941
90 ,7942
7944 ,7943
24 ,7945
7947 ,7946
12 ,7948
8 ,7949
7951 ,7950
31 ,7952
7954 ,7953
35 ,7955
161 ,7956
7958 ,7957
7960 ,7959
18 ,7961
7963 ,7962
7965 ,7964
71 ,7966
56 ,7967
12 ,7968
2386 ,7969
161 ,7970
7972 ,7971
35 ,7973
8 ,7974
47 ,7975
7977 ,7976
68 ,7978
7980 ,7979
41 ,7981
47 ,7982
68 ,7983
20 ,7984
31 ,7985
161 ,7986
119 ,7987
24 ,7988
31 ,7989
7991 ,7990
7993 ,7992
7995 ,7994
18 ,7996
141 ,7997
35 ,7998
8000 ,7999
20 ,8001
8003 ,8002
8005 ,8004
62 ,8006
62 ,8007
52 ,8008
152 ,8009
62 ,8010
10 ,8011
45 ,8012
8014 ,8013
47 ,8015
8017 ,8016
161 ,8018
62 ,8019
8021 ,8020
8 ,8022
8024 ,8023
8026 ,8025
8028 ,8027
56 ,8029
8031 ,8030
8 ,8032
8034 ,8033
62 ,8035
12 ,8036
8038 ,8037
20 ,8039
8041 ,8040
8043 ,8042
45 ,8044
4 ,8045
68 ,8046
8048 ,8047
152 ,8049
52 ,8050
8052 ,8051
8 ,8053
161 ,8054
8056 ,8055
45 ,8057
8059 ,8058
41 ,8060
45 ,8061
68 ,8062
56 ,8063
68 ,8064
161 ,8065
41 ,8066
8068 ,8067
8070 ,8069
18 ,8071
8073 ,8072
52 ,8074
141 ,8075
161 ,8076
71 ,8077
71 ,8078
8080 ,8079
60 ,8081
52 ,8082
8084 ,8083
62 ,8085
8087 ,8086
12 ,8088
35 ,8089
8091 ,8090
60 ,8092
8094 ,8093
78 ,8095
8097 ,8096
161 ,8098
8100 ,8099
52 ,8101
68 ,8102
8104 ,8103
8106 ,8105
141 ,8107
8109 ,8108
141 ,8110
47 ,8111
45 ,8112
78 ,8113
152 ,8114
8116 ,8115
68 ,8117
31 ,8118
18 ,8119
41 ,8120
52 ,8121
78 ,8122
31 ,8123
41 ,8124
8126 ,8125
8128 ,8127
8130 ,8129
8132 ,8131
62 ,8133
90 ,8134
45 ,8135
31 ,8136
141 ,8137
8139 ,8138
995 ,8140
35 ,8141
10 ,8142
119 ,8143
45 ,8144
90 ,8145
8147 ,8146
31 ,8148
10 ,8149
90 ,8150
18 ,8151
24 ,8152
60 ,8153
56 ,8154
18 ,8155
8157 ,8156
8159 ,8158
161 ,8160
52 ,8161
119 ,8162
71 ,8163
8165 ,8164
161 ,8166
141 ,8167
68 ,8168
152 ,8169
16 ,8170
31 ,8171
62 ,8172
60 ,8173
60 ,8174
41 ,8175
8177 ,8176
56 ,8178
8180 ,8179
8 ,8181
152 ,8182
8 ,8183
161 ,8184
12 ,8185
47 ,8186
12 ,8187
56 ,8188
45 ,8189
8191 ,8190
12 ,8192
16 ,8193
141 ,8194
8196 ,8195
41 ,8197
62 ,8198
152 ,8199
41 ,8200
8202 ,8201
8204 ,8203
119 ,8205
119 ,8206
35 ,8207
119 ,8208
8 ,8209
8211 ,8210
119 ,8212
16 ,8213
4 ,8214
8 ,8215
24 ,8216
47 ,8217
68 ,8218
8220 ,8219
62 ,8221
56 ,8222
8224 ,8223
78 ,8225
10 ,8226
152 ,8227
62 ,8228
10 ,8229
8231 ,8230
56 ,8232
152 ,8233
8235 ,8234
18 ,8236
321 ,8237
8239 ,8238
10 ,8240
45 ,8241
10 ,8242
31 ,8243
4 ,8244
47 ,8245
8247 ,8246
90 ,8248
4 ,8249
45 ,8250
47 ,8251
10 ,8252
12 ,8253
20 ,8254
71 ,8255
60 ,8256
10 ,8257
8259 ,8258
8261 ,8260
24 ,8262
8264 ,8263
18 ,8265
52 ,8266
8268 ,8267
20 ,8269
10 ,8270
8272 ,8271
35 ,8273
141 ,8274
45 ,8275
8277 ,8276
52 ,8278
8280 ,8279
24 ,8281
12 ,8282
41 ,8283
90 ,8284
16 ,8285
24 ,8286
71 ,8287
20 ,8288
35 ,8289
6911 ,8290
8292 ,8291
8294 ,8293
71 ,8295
8297 ,8296
8 ,8298
71 ,8299
8301 ,8300
8303 ,8302
47 ,8304
8306 ,8305
8 ,8307
47 ,8308
60 ,8309
141 ,8310
8312 ,8311
8314 ,8313
12 ,8315
8317 ,8316
8319 ,8318
60 ,8320
8322 ,8321
45 ,8323
31 ,8324
8326 ,8325
8328 ,8327
24 ,8329
4 ,8330
8332 ,8331
141 ,8333
8335 ,8334
8337 ,8336
8339 ,8338
8341 ,8340
78 ,8342
41 ,8343
18 ,8344
78 ,8345
8347 ,8346
4 ,8348
152 ,8349
62 ,8350
8352 ,8351
8354 ,8353
8356 ,8355
8358 ,8357
8360 ,8359
8362 ,8361
119 ,8363
161 ,8364
52 ,8365
60 ,8366
20 ,8367
16 ,8368
41 ,8369
45 ,8370
119 ,8371
8373 ,8372
8375 ,8374
41 ,8376
45 ,8377
71 ,8378
24 ,8379
10 ,8380
31 ,8381
78 ,8382
90 ,8383
8385 ,8384
8387 ,8386
41 ,8388
90 ,8389
152 ,8390
141 ,8391
8393 ,8392
10 ,8394
90 ,8395
60 ,8396
152 ,8397
8399 ,8398
90 ,8400
8402 ,8401
8404 ,8403
12 ,8405
78 ,8406
31 ,8407
8409 ,8408
8411 ,8410
31 ,8412
119 ,8413
4 ,8414
52 ,8415
161 ,8416
8 ,8417
45 ,8418
8420 ,8419
161 ,8421
18 ,8422
71 ,8423
119 ,8424
152 ,8425
8427 ,8426
8429 ,8428
47 ,8430
24 ,8431
78 ,8432
8434 ,8433
71 ,8435
16 ,8436
78 ,8437
16 ,8438
8440 ,8439
16 ,8441
8443 ,8442
90 ,8444
8446 ,8445
8 ,8447
20 ,8448
24 ,8449
8451 ,8450
8453 ,8452
119 ,8454
8 ,8455
8457 ,8456
45 ,8458
152 ,8459
8461 ,8460
62 ,8462
161 ,8463
20 ,8464
20 ,8465
8467 ,8466
18 ,8468
8 ,8469
78 ,8470
24 ,8471
8473 ,8472
8475 ,8474
31 ,8476
161 ,8477
8479 ,8478
62 ,8480
56 ,8481
47 ,8482
41 ,8483
56 ,8484
56 ,8485
62 ,8486
119 ,8487
8489 ,8488
119 ,8490
90 ,8491
56 ,8492
8494 ,8493
56 ,8495
8497 ,8496
52 ,8498
8500 ,8499
4 ,8501
141 ,8502
8504 ,8503
20 ,8505
20 ,8506
119 ,8507
20 ,8508
8510 ,8509
8 ,8511
8513 ,8512
8515 ,8514
8517 ,8516
56 ,8518
45 ,8519
8521 ,8520
24 ,8522
18 ,8523
8525 ,8524
8527 ,8526
20 ,8528
8530 ,8529
8532 ,8531
68 ,8533
8535 ,8534
78 ,8536
12 ,8537
90 ,8538
45 ,8539
52 ,8540
16 ,8541
24 ,8542
60 ,8543
47 ,8544
16 ,8545
16 ,8546
8548 ,8547
8550 ,8549
68 ,8551
68 ,8552
8554 ,8553
90 ,8555
8557 ,8556
161 ,8558
4 ,8559
31 ,8560
47 ,8561
8563 ,8562
78 ,8564
8 ,8565
10 ,8566
52 ,8567
8569 ,8568
8571 ,8570
141 ,8572
8574 ,8573
8576 ,8575
10 ,8577
8579 ,8578
8581 ,8580
141 ,8582
31 ,8583
119 ,8584
12 ,8585
141 ,8586
62 ,8587
8589 ,8588
8591 ,8590
68 ,8592
62 ,8593
10 ,8594
161 ,8595
2309 ,8596
8598 ,8597
47 ,8599
8601 ,8600
10 ,8602
119 ,8603
161 ,8604
8606 ,8605
47 ,8607
35 ,8608
78 ,8609
1734 ,8610
8612 ,8611
60 ,8613
20 ,8614
12 ,8615
119 ,8616
161 ,8617
62 ,8618
18 ,8619
8 ,8620
12 ,8621
8623 ,8622
152 ,8624
12 ,8625
12 ,8626
8628 ,8627
18 ,8629
119 ,8630
8632 ,8631
68 ,8633
35 ,8634
4 ,8635
10 ,8636
8638 ,8637
8 ,8639
62 ,8640
56 ,8641
90 ,8642
68 ,8643
18 ,8644
8646 ,8645
45 ,8647
8649 ,8648
47 ,8650
24 ,8651
8653 ,8652
62 ,8654
8656 ,8655
8658 ,8657
62 ,8659
141 ,8660
8 ,8661
8663 ,8662
10 ,8664
31 ,8665
71 ,8666
12 ,8667
8669 ,8668
8671 ,8670
119 ,8672
41 ,8673
8675 ,8674
8 ,8676
8678 ,8677
10 ,8679
71 ,8680
47 ,8681
8683 ,8682
71 ,8684
8686 ,8685
8688 ,8687
16 ,8689
41 ,8690
52 ,8691
52 ,8692
8694 ,8693
12 ,8695
8697 ,8696
8699 ,8698
119 ,8700
20 ,8701
161 ,8702
52 ,8703
141 ,8704
68 ,8705
68 ,8706
8708 ,8707
41 ,8709
78 ,8710
119 ,8711
47 ,8712
8714 ,8713
16 ,8715
62 ,8716
62 ,8717
20 ,8718
52 ,8719
20 ,8720
62 ,8721
8723 ,8722
10 ,8724
47 ,8725
41 ,8726
8728 ,8727
8730 ,8729
56 ,8731
68 ,8732
8734 ,8733
152 ,8735
62 ,8736
8738 ,8737
8740 ,8739
68 ,8741
8743 ,8742
31 ,8744
52 ,8745
8747 ,8746
8749 ,8748
8751 ,8750
68 ,8752
8754 ,8753
52 ,8755
119 ,8756
8758 ,8757
41 ,8759
8761 ,8760
90 ,8762
78 ,8763
35 ,8764
35 ,8765
141 ,8766
31 ,8767
12 ,8768
41 ,8769
161 ,8770
4 ,8771
71 ,8772
90 ,8773
47 ,8774
1328 ,8775
71 ,8776
8778 ,8777
78 ,8779
12 ,8780
8782 ,8781
68 ,8783
119 ,8784
119 ,8785
8787 ,8786
12 ,8788
90 ,8789
8791 ,8790
31 ,8792
8794 ,8793
20 ,8795
52 ,8796
24 ,8797
60 ,8798
8800 ,8799
71 ,8801
56 ,8802
8804 ,8803
8806 ,8805
8 ,8807
41 ,8808
8810 ,8809
8812 ,8811
35 ,8813
8815 ,8814
8817 ,8816
52 ,8818
8820 ,8819
8 ,8821
8823 ,8822
10 ,8824
8826 ,8825
4 ,8827
31 ,8828
52 ,8829
16 ,8830
141 ,8831
4 ,8832
8834 ,8833
141 ,8835
8837 ,8836
141 ,8838
45 ,8839
8841 ,8840
31 ,8842
8844 ,8843
71 ,8845
78 ,8846
4 ,8847
24 ,8848
141 ,8849
8851 ,8850
62 ,8852
161 ,8853
8855 ,8854
8857 ,8856
8859 ,8858
41 ,8860
8862 ,8861
24 ,8863
31 ,8864
8866 ,8865
20 ,8867
8869 ,8868
10 ,8870
52 ,8871
152 ,8872
8874 ,8873
12 ,8875
161 ,8876
119 ,8877
71 ,8878
438 ,8879
52 ,8880
4927 ,8881
16 ,8882
45 ,8883
12 ,8884
8 ,8885
47 ,8886
16 ,8887
8889 ,8888
16 ,8890
78 ,8891
8893 ,8892
8895 ,8894
31 ,8896
8898 ,8897
90 ,8899
47 ,8900
20 ,8901
47 ,8902
52 ,8903
8905 ,8904
20 ,8906
8908 ,8907
16 ,8909
8911 ,8910
60 ,8912
60 ,8913
47 ,8914
10 ,8915
60 ,8916
119 ,8917
8919 ,8918
41 ,8920
68 ,8921
8923 ,8922
68 ,8924
68 ,8925
8927 ,8926
47 ,8928
8930 ,8929
18 ,8931
24 ,8932
35 ,8933
4 ,8934
119 ,8935
8937 ,8936
52 ,8938
41 ,8939
8941 ,8940
62 ,8942
8 ,8943
141 ,8944
35 ,8945
45 ,8946
8948 ,8947
68 ,8949
8951 ,8950
8953 ,8952
8955 ,8954
60 ,8956
78 ,8957
62 ,8958
18 ,8959
8961 ,8960
45 ,8962
12 ,8963
141 ,8964
8966 ,8965
8968 ,8967
2682 ,8969
8971 ,8970
3624 ,8972
119 ,8973
4 ,8974
52 ,8975
56 ,8976
8978 ,8977
52 ,8979
90 ,8980
41 ,8981
8983 ,8982
60 ,8984
8986 ,8985
41 ,8987
4 ,8988
45 ,8989
47 ,8990
90 ,8991
12 ,8992
20 ,8993
8995 ,8994
68 ,8996
10 ,8997
71 ,8998
35 ,8999
9001 ,9000
68 ,9002
52 ,9003
47 ,9004
9006 ,9005
60 ,9007
119 ,9008
35 ,9009
9011 ,9010
119 ,9012
90 ,9013
9015 ,9014
119 ,9016
45 ,9017
9019 ,9018
45 ,9020
9022 ,9021
9024 ,9023
9026 ,9025
12 ,9027
31 ,9028
35 ,9029
60 ,9030
9032 ,9031
9034 ,9033
4 ,9035
41 ,9036
12 ,9037
161 ,9038
152 ,9039
68 ,9040
9042 ,9041
16 ,9043
4 ,9044
45 ,9045
90 ,9046
9048 ,9047
161 ,9049
62 ,9050
18 ,9051
35 ,9052
56 ,9053
68 ,9054
8 ,9055
9057 ,9056
139 ,9058
4 ,9059
9061 ,9060
9063 ,9062
18 ,9064
35 ,9065
9067 ,9066
161 ,9068
9070 ,9069
4 ,9071
9073 ,9072
4 ,9074
9076 ,9075
18 ,9077
6111 ,9078
62 ,9079
78 ,9080
10 ,9081
24 ,9082
119 ,9083
8 ,9084
10 ,9085
9087 ,9086
35 ,9088
31 ,9089
9091 ,9090
119 ,9092
24 ,9093
78 ,9094
9096 ,9095
8 ,9097
161 ,9098
1756 ,9099
9101 ,9100
71 ,9102
9104 ,9103
9106 ,9105
141 ,9107
78 ,9108
9110 ,9109
10 ,9111
9113 ,9112
10 ,9114
78 ,9115
9117 ,9116
161 ,9118
68 ,9119
52 ,9120
52 ,9121
152 ,9122
18 ,9123
41 ,9124
8 ,9125
16 ,9126
9128 ,9127
161 ,9129
8 ,9130
31 ,9131
161 ,9132
161 ,9133
31 ,9134
9136 ,9135
12 ,9137
141 ,9138
18 ,9139
9141 ,9140
41 ,9142
161 ,9143
35 ,9144
16 ,9145
18 ,9146
45 ,9147
9149 ,9148
12 ,9150
60 ,9151
9153 ,9152
78 ,9154
9156 ,9155
8 ,9157
152 ,9158
31 ,9159
119 ,9160
9162 ,9161
9164 ,9163
78 ,9165
60 ,9166
9168 ,9167
9170 ,9169
24 ,9171
9173 ,9172
9175 ,9174
9177 ,9176
119 ,9178
9180 ,9179
45 ,9181
20 ,9182
9184 ,9183
141 ,9185
62 ,9186
16 ,9187
141 ,9188
9190 ,9189
90 ,9191
18 ,9192
47 ,9193
9195 ,9194
9197 ,9196
119 ,9198
20 ,9199
152 ,9200
31 ,9201
141 ,9202
141 ,9203
90 ,9204
9206 ,9205
47 ,9207
16 ,9208
10 ,9209
56 ,9210
9212 ,9211
78 ,9213
47 ,9214
9216 ,9215
68 ,9217
161 ,9218
9220 ,9219
9222 ,9221
152 ,9223
31 ,9224
24 ,9225
47 ,9226
31 ,9227
9229 ,9228
24 ,9230
9232 ,9231
152 ,9233
152 ,9234
35 ,9235
4 ,9236
20 ,9237
16 ,9238
47 ,9239
9241 ,9240
9243 ,9242
45 ,9244
16 ,9245
71 ,9246
24 ,9247
9249 ,9248
56 ,9250
35 ,9251
16 ,9252
8 ,9253
161 ,9254
90 ,9255
9257 ,9256
9259 ,9258
24 ,9260
9262 ,9261
90 ,9263
60 ,9264
47 ,9265
78 ,9266
78 ,9267
9269 ,9268
12 ,9270
35 ,9271
12 ,9272
31 ,9273
9275 ,9274
71 ,9276
31 ,9277
9279 ,9278
8 ,9280
24 ,9281
9283 ,9282
41 ,9284
56 ,9285
152 ,9286
56 ,9287
18 ,9288
9290 ,9289
47 ,9291
31 ,9292
152 ,9293
71 ,9294
41 ,9295
10 ,9296
18 ,9297
62 ,9298
47 ,9299
10 ,9300
9302 ,9301
9304 ,9303
9306 ,9305
20 ,9307
60 ,9308
35 ,9309
10 ,9310
9312 ,9311
20 ,9313
20 ,9314
9316 ,9315
9318 ,9317
161 ,9319
60 ,9320
71 ,9321
47 ,9322
56 ,9323
62 ,9324
10 ,9325
8 ,9326
16 ,9327
52 ,9328
8 ,9329
9331 ,9330
31 ,9332
9334 ,9333
161 ,9335
56 ,9336
119 ,9337
71 ,9338
60 ,9339
18 ,9340
18 ,9341
9343 ,9342
119 ,9344
12 ,9345
152 ,9346
35 ,9347
78 ,9348
52 ,9349
9351 ,9350
41 ,9352
141 ,9353
152 ,9354
10 ,9355
18 ,9356
56 ,9357
9359 ,9358
9361 ,9360
9363 ,9362
16 ,9364
141 ,9365
9367 ,9366
78 ,9368
56 ,9369
9371 ,9370
52 ,9372
4 ,9373
9375 ,9374
9377 ,9376
45 ,9378
78 ,9379
9381 ,9380
9383 ,9382
16 ,9384
62 ,9385
9387 ,9386
4 ,9388
9390 ,9389
119 ,9391
62 ,9392
10 ,9393
9395 ,9394
90 ,9396
62 ,9397
52 ,9398
18 ,9399
141 ,9400
62 ,9401
62 ,9402
4 ,9403
9405 ,9404
9407 ,9406
9409 ,9408
9411 ,9410
119 ,9412
9414 ,9413
35 ,9415
9417 ,9416
8 ,9418
71 ,9419
9421 ,9420
9423 ,9422
52 ,9424
24 ,9425
141 ,9426
16 ,9427
9429 ,9428
9431 ,9430
9433 ,9432
9435 ,9434
18 ,9436
9438 ,9437
16 ,9439
9441 ,9440
8 ,9442
71 ,9443
152 ,9444
35 ,9445
161 ,9446
4 ,9447
24 ,9448
9450 ,9449
9452 ,9451
35 ,9453
9455 ,9454
9457 ,9456
24 ,9458
41 ,9459
90 ,9460
24 ,9461
20 ,9462
9464 ,9463
12 ,9465
10 ,9466
9468 ,9467
9470 ,9469
9472 ,9471
9474 ,9473
9476 ,9475
60 ,9477
90 ,9478
152 ,9479
31 ,9480
20 ,9481
18 ,9482
62 ,9483
62 ,9484
141 ,9485
24 ,9486
71 ,9487
12 ,9488
9490 ,9489
119 ,9491
9493 ,9492
60 ,9494
78 ,9495
9497 ,9496
16 ,9498
16 ,9499
4 ,9500
9502 ,9501
78 ,9503
56 ,9504
9506 ,9505
119 ,9507
20 ,9508
9510 ,9509
9512 ,9511
31 ,9513
119 ,9514
56 ,9515
90 ,9516
18 ,9517
161 ,9518
18 ,9519
16 ,9520
9522 ,9521
78 ,9523
31 ,9524
152 ,9525
141 ,9526
10 ,9527
9529 ,9528
52 ,9530
141 ,9531
90 ,9532
16 ,9533
10 ,9534
24 ,9535
60 ,9536
9538 ,9537
68 ,9539
47 ,9540
52 ,9541
60 ,9542
9544 ,9543
62 ,9545
10 ,9546
9548 ,9547
9550 ,9549
47 ,9551
9553 ,9552
20 ,9554
90 ,9555
71 ,9556
10 ,9557
71 ,9558
90 ,9559
141 ,9560
9562 ,9561
562 ,9563
24 ,9564
20 ,9565
9567 ,9566
4 ,9568
10 ,9569
9571 ,9570
56 ,9572
31 ,9573
41 ,9574
9576 ,9575
9578 ,9577
90 ,9579
119 ,9580
9582 ,9581
9584 ,9583
31 ,9585
9587 ,9586
9589 ,9588
9591 ,9590
141 ,9592
24 ,9593
9595 ,9594
9597 ,9596
68 ,9598
161 ,9599
45 ,9600
9602 ,9601
152 ,9603
9605 ,9604
141 ,9606
9608 ,9607
141 ,9609
161 ,9610
68 ,9611
20 ,9612
47 ,9613
9615 ,9614
31 ,9616
18 ,9617
9619 ,9618
4 ,9620
90 ,9621
9623 ,9622
9625 ,9624
9627 ,9626
90 ,9628
4 ,9629
20 ,9630
9632 ,9631
60 ,9633
60 ,9634
71 ,9635
10 ,9636
12 ,9637
16 ,9638
152 ,9639
71 ,9640
71 ,9641
4 ,9642
9644 ,9643
161 ,9645
60 ,9646
119 ,9647
9649 ,9648
41 ,9650
119 ,9651
9653 ,9652
8 ,9654
119 ,9655
9657 ,9656
90 ,9658
45 ,9659
68 ,9660
41 ,9661
9663 ,9662
10 ,9664
4 ,9665
4 ,9666
18 ,9667
8 ,9668
9670 ,9669
56 ,9671
9673 ,9672
10 ,9674
45 ,9675
16 ,9676
9678 ,9677
20 ,9679
119 ,9680
9682 ,9681
56 ,9683
12 ,9684
9686 ,9685
161 ,9687
119 ,9688
9690 ,9689
24 ,9691
68 ,9692
18 ,9693
9695 ,9694
8 ,9696
9698 ,9697
161 ,9699
119 ,9700
52 ,9701
12 ,9702
60 ,9703
141 ,9704
71 ,9705
35 ,9706
52 ,9707
9709 ,9708
31 ,9710
9712 ,9711
60 ,9713
9715 ,9714
16 ,9716
62 ,9717
4 ,9718
60 ,9719
45 ,9720
9722 ,9721
24 ,9723
78 ,9724
18 ,9725
10 ,9726
9728 ,9727
60 ,9729
10 ,9730
24 ,9731
152 ,9732
9734 ,9733
141 ,9735
9737 ,9736
35 ,9738
41 ,9739
9741 ,9740
52 ,9742
18 ,9743
9745 ,9744
35 ,9746
90 ,9747
16 ,9748
9750 ,9749
35 ,9751
47 ,9752
161 ,9753
78 ,9754
9756 ,9755
90 ,9757
119 ,9758
16 ,9759
24 ,9760
161 ,9761
60 ,9762
41 ,9763
20 ,9764
52 ,9765
71 ,9766
41 ,9767
141 ,9768
20 ,9769
9771 ,9770
161 ,9772
68 ,9773
9775 ,9774
68 ,9776
9778 ,9777
161 ,9779
9781 ,9780
68 ,9782
161 ,9783
119 ,9784
9786 ,9785
4 ,9787
9789 ,9788
62 ,9790
9792 ,9791
47 ,9793
45 ,9794
16 ,9795
62 ,9796
9798 ,9797
16 ,9799
9801 ,9800
24 ,9802
56 ,9803
9805 ,9804
9807 ,9806
9809 ,9808
9811 ,9810
9813 ,9812
152 ,9814
41 ,9815
9817 ,9816
71 ,9818
60 ,9819
9821 ,9820
24 ,9822
47 ,9823
20 ,9824
45 ,9825
47 ,9826
9828 ,9827
10 ,9829
18 ,9830
16 ,9831
62 ,9832
18 ,9833
161 ,9834
8 ,9835
9837 ,9836
16 ,9838
9840 ,9839
35 ,9841
9843 ,9842
62 ,9844
41 ,9845
90 ,9846
52 ,9847
45 ,9848
52 ,9849
60 ,9850
9852 ,9851
3425 ,9853
9855 ,9854
41 ,9856
9858 ,9857
71 ,9859
9861 ,9860
9863 ,9862
78 ,9864
62 ,9865
9867 ,9866
9869 ,9868
12 ,9870
9872 ,9871
9874 ,9873
62 ,9875
119 ,9876
60 ,9877
90 ,9878
161 ,9879
9881 ,9880
9883 ,9882
9885 ,9884
9887 ,9886
9889 ,9888
152 ,9890
45 ,9891
10 ,9892
52 ,9893
9895 ,9894
9897 ,9896
62 ,9898
9900 ,9899
56 ,9901
119 ,9902
24 ,9903
60 ,9904
45 ,9905
9907 ,9906
4 ,9908
9910 ,9909
56 ,9911
45 ,9912
20 ,9913
9915 ,9914
161 ,9916
56 ,9917
56 ,9918
161 ,9919
9921 ,9920
45 ,9922
20 ,9923
9925 ,9924
16 ,9926
60 ,9927
20 ,9928
24 ,9929
47 ,9930
9932 ,9931
24 ,9933
152 ,9934
152 ,9935
9937 ,9936
152 ,9938
68 ,9939
12 ,9940
35 ,9941
71 ,9942
9944 ,9943
31 ,9945
9947 ,9946
62 ,9948
10 ,9949
161 ,9950
68 ,9951
47 ,9952
56 ,9953
9955 ,9954
9957 ,9956
9959 ,9958
90 ,9960
56 ,9961
161 ,9962
9964 ,9963
56 ,9965
16 ,9966
4 ,9967
9969 ,9968
24 ,9970
4 ,9971
9973 ,9972
8 ,9974
8 ,9975
10 ,9976
62 ,9977
9979 ,9978
9981 ,9980
24 ,9982
52 ,9983
18 ,9984
9986 ,9985
78 ,9987
9989 ,9988
31 ,9990
90 ,9991
9993 ,9992
9995 ,9994
4 ,9996
141 ,9997
9999 ,9998
35 ,10000
8 ,10001
16 ,10002
10004 ,10003
20 ,10005
10007 ,10006
20 ,10008
90 ,10009
10011 ,10010
10013 ,10012
10015 ,10014
10017 ,10016
35 ,10018
35 ,10019
4 ,10020
10022 ,10021
71 ,10023
90 ,10024
12 ,10025
8 ,10026
10028 ,10027
18 ,10029
18 ,10030
8 ,10031
12 ,10032
78 ,10033
10035 ,10034
141 ,10036
10038 ,10037
71 ,10039
8 ,10040
16 ,10041
60 ,10042
12 ,10043
562 ,10044
68 ,10045
90 ,10046
10048 ,10047
10050 ,10049
10052 ,10051
31 ,10053
10055 ,10054
10057 ,10056
10059 ,10058
31 ,10060
31 ,10061
71 ,10062
35 ,10063
10065 ,10064
56 ,10066
10 ,10067
20 ,10068
10070 ,10069
10072 ,10071
152 ,10073
12 ,10074
141 ,10075
31 ,10076
71 ,10077
10079 ,10078
18 ,10080
31 ,10081
56 ,10082
20 ,10083
45 ,10084
10086 ,10085
10088 ,10087
18 ,10089
62 ,10090
10092 ,10091
10094 ,10093
35 ,10095
10097 ,10096
41 ,10098
35 ,10099
10 ,10100
10 ,10101
10103 ,10102
3425 ,10104
161 ,10105
47 ,10106
10108 ,10107
45 ,10109
10111 ,10110
10113 ,10112
119 ,10114
45 ,10115
60 ,10116
4 ,10117
60 ,10118
41 ,10119
10121 ,10120
18 ,10122
52 ,10123
78 ,10124
12 ,10125
161 ,10126
35 ,10127
18 ,10128
12 ,10129
10131 ,10130
10 ,10132
16 ,10133
10135 ,10134
10137 ,10136
56 ,10138
18 ,10139
10141 ,10140
141 ,10142
90 ,10143
161 ,10144
10 ,10145
141 ,10146
152 ,10147
41 ,10148
10 ,10149
18 ,10150
41 ,10151
10153 ,10152
10155 ,10154
71 ,10156
10158 ,10157
4 ,10159
141 ,10160
10 ,10161
10163 ,10162
71 ,10164
119 ,10165
41 ,10166
71 ,10167
10169 ,10168
31 ,10170
161 ,10171
10173 ,10172
119 ,10174
52 ,10175
10177 ,10176
10179 ,10178
78 ,10180
10182 ,10181
78 ,10183
18 ,10184
45 ,10185
4 ,10186
10188 ,10187
8 ,10189
152 ,10190
119 ,10191
62 ,10192
391 ,10193
35 ,10194
391 ,10195
71 ,10196
10198 ,10197
10 ,10199
78 ,10200
10202 ,10201
10204 ,10203
31 ,10205
35 ,10206
10208 ,10207
35 ,10209
68 ,10210
4 ,10211
141 ,10212
16 ,10213
47 ,10214
16 ,10215
52 ,10216
56 ,10217
24 ,10218
10220 ,10219
10222 ,10221
10224 ,10223
68 ,10225
62 ,10226
62 ,10227
152 ,10228
10230 ,10229
20 ,10231
52 ,10232
41 ,10233
16 ,10234
41 ,10235
24 ,10236
12 ,10237
16 ,10238
31 ,10239
10241 ,10240
52 ,10242
41 ,10243
41 ,10244
10246 ,10245
161 ,10247
161 ,10248
141 ,10249
68 ,10250
18 ,10251
16 ,10252
10254 ,10253
10256 ,10255
35 ,10257
47 ,10258
141 ,10259
10261 ,10260
10263 ,10262
141 ,10264
47 ,10265
90 ,10266
45 ,10267
152 ,10268
90 ,10269
71 ,10270
10272 ,10271
10274 ,10273
10276 ,10275
12 ,10277
10279 ,10278
10281 ,10280
62 ,10282
8 ,10283
18 ,10284
12 ,10285
35 ,10286
68 ,10287
141 ,10288
18 ,10289
62 ,10290
45 ,10291
18 ,10292
35 ,10293
10295 ,10294
10297 ,10296
16 ,10298
10300 ,10299
16 ,10301
10303 ,10302
10305 ,10304
10307 ,10306
47 ,10308
47 ,10309
60 ,10310
68 ,10311
68 ,10312
10314 ,10313
71 ,10315
16 ,10316
10318 ,10317
68 ,10319
60 ,10320
10322 ,10321
10324 ,10323
16 ,10325
10327 ,10326
56 ,10328
4 ,10329
152 ,10330
12 ,10331
71 ,10332
56 ,10333
52 ,10334
56 ,10335
68 ,10336
10338 ,10337
90 ,10339
10341 ,10340
18 ,10342
10344 ,10343
119 ,10345
10 ,10346
10348 ,10347
10350 ,10349
31 ,10351
31 ,10352
56 ,10353
10355 ,10354
20 ,10356
45 ,10357
10 ,10358
45 ,10359
56 ,10360
16 ,10361
78 ,10362
10 ,10363
47 ,10364
24 ,10365
10367 ,10366
20 ,10368
10370 ,10369
71 ,10371
71 ,10372
10374 ,10373
152 ,10375
119 ,10376
6123 ,10377
10379 ,10378
60 ,10380
90 ,10381
35 ,10382
16 ,10383
41 ,10384
24 ,10385
152 ,10386
24 ,10387
24 ,10388
10390 ,10389
60 ,10391
56 ,10392
31 ,10393
10395 ,10394
56 ,10396
10398 ,10397
8 ,10399
10401 ,10400
68 ,10402
78 ,10403
18 ,10404
10406 ,10405
18 ,10407
10409 ,10408
47 ,10410
35 ,10411
68 ,10412
18 ,10413
10415 ,10414
24 ,10416
10418 ,10417
10420 ,10419
141 ,10421
24 ,10422
56 ,10423
90 ,10424
119 ,10425
10427 ,10426
31 ,10428
31 ,10429
45 ,10430
24 ,10431
10433 ,10432
62 ,10434
10436 ,10435
35 ,10437
10 ,10438
119 ,10439
10441 ,10440
10443 ,10442
90 ,10444
141 ,10445
10447 ,10446
10449 ,10448
31 ,10450
71 ,10451
68 ,10452
62 ,10453
10455 ,10454
152 ,10456
31 ,10457
41 ,10458
20 ,10459
10461 ,10460
18 ,10462
10464 ,10463
10466 ,10465
47 ,10467
10469 ,10468
18 ,10470
12 ,10471
71 ,10472
8 ,10473
141 ,10474
16 ,10475
4 ,10476
119 ,10477
152 ,10478
119 ,10479
12 ,10480
45 ,10481
90 ,10482
8 ,10483
18 ,10484
4 ,10485
78 ,10486
10488 ,10487
71 ,10489
4 ,10490
119 ,10491
47 ,10492
10494 ,10493
141 ,10495
10497 ,10496
10499 ,10498
12 ,10500
10 ,10501
10 ,10502
10504 ,10503
161 ,10505
20 ,10506
24 ,10507
41 ,10508
152 ,10509
152 ,10510
31 ,10511
10 ,10512
16 ,10513
90 ,10514
45 ,10515
141 ,10516
10518 ,10517
10520 ,10519
24 ,10521
47 ,10522
10 ,10523
68 ,10524
10526 ,10525
10 ,10527
10529 ,10528
10 ,10530
10532 ,10531
10534 ,10533
10536 ,10535
71 ,10537
10539 ,10538
10541 ,10540
35 ,10542
68 ,10543
52 ,10544
45 ,10545
62 ,10546
41 ,10547
10549 ,10548
161 ,10550
16 ,10551
31 ,10552
12 ,10553
8 ,10554
24 ,10555
10 ,10556
10558 ,10557
71 ,10559
161 ,10560
68 ,10561
90 ,10562
10564 ,10563
10566 ,10565
24 ,10567
18 ,10568
52 ,10569
71 ,10570
119 ,10571
10573 ,10572
10575 ,10574
68 ,10576
41 ,10577
71 ,10578
18 ,10579
10581 ,10580
10583 ,10582
10585 ,10584
10587 ,10586
16 ,10588
10590 ,10589
56 ,10591
10593 ,10592
47 ,10594
4 ,10595
8 ,10596
78 ,10597
45 ,10598
10600 ,10599
10602 ,10601
16 ,10603
10605 ,10604
119 ,10606
152 ,10607
41 ,10608
18 ,10609
4 ,10610
4 ,10611
20 ,10612
41 ,10613
45 ,10614
141 ,10615
78 ,10616
12 ,10617
47 ,10618
41 ,10619
18 ,10620
152 ,10621
90 ,10622
24 ,10623
10625 ,10624
10 ,10626
78 ,10627
78 ,10628
10630 ,10629
10632 ,10631
24 ,10633
10635 ,10634
45 ,10636
68 ,10637
52 ,10638
71 ,10639
161 ,10640
10642 ,10641
10644 ,10643
31 ,10645
10647 ,10646
60 ,10648
71 ,10649
68 ,10650
20 ,10651
16 ,10652
10654 ,10653
10656 ,10655
90 ,10657
52 ,10658
68 ,10659
24 ,10660
18 ,10661
35 ,10662
56 ,10663
119 ,10664
45 ,10665
71 ,10666
56 ,10667
16 ,10668
45 ,10669
10671 ,10670
10673 ,10672
10675 ,10674
4 ,10676
161 ,10677
4 ,10678
10680 ,10679
47 ,10681
12 ,10682
18 ,10683
56 ,10684
56 ,10685
10687 ,10686
35 ,10688
10 ,10689
10 ,10690
78 ,10691
152 ,10692
10694 ,10693
62 ,10695
10697 ,10696
119 ,10698
10700 ,10699
62 ,10701
10703 ,10702
31 ,10704
10706 ,10705
10708 ,10707
18 ,10709
45 ,10710
31 ,10711
10 ,10712
10 ,10713
10 ,10714
10716 ,10715
18 ,10717
10719 ,10718
41 ,10720
8 ,10721
4 ,10722
47 ,10723
10725 ,10724
119 ,10726
10 ,10727
119 ,10728
31 ,10729
47 ,10730
10732 ,10731
8 ,10733
24 ,10734
7658 ,10735
139 ,10736
68 ,10737
10739 ,10738
152 ,10740
12 ,10741
10743 ,10742
16 ,10744
24 ,10745
60 ,10746
152 ,10747
10749 ,10748
161 ,10750
47 ,10751
60 ,10752
10754 ,10753
20 ,10755
161 ,10756
10758 ,10757
90 ,10759
10761 ,10760
10763 ,10762
41 ,10764
31 ,10765
10767 ,10766
16 ,10768
31 ,10769
141 ,10770
10772 ,10771
56 ,10773
20 ,10774
18 ,10775
10777 ,10776
47 ,10778
68 ,10779
41 ,10780
60 ,10781
119 ,10782
152 ,10783
10785 ,10784
10787 ,10786
56 ,10788
10790 ,10789
10792 ,10791
8 ,10793
8 ,10794
4 ,10795
152 ,10796
31 ,10797
4 ,10798
10800 ,10799
119 ,10801
10803 ,10802
6492 ,10804
4 ,10805
119 ,10806
10808 ,10807
10810 ,10809
56 ,10811
10813 ,10812
10815 ,10814
10817 ,10816
24 ,10818
90 ,10819
71 ,10820
12 ,10821
12 ,10822
31 ,10823
35 ,10824
90 ,10825
47 ,10826
141 ,10827
4 ,10828
10830 ,10829
56 ,10831
10833 ,10832
16 ,10834
47 ,10835
10837 ,10836
24 ,10838
8 ,10839
16 ,10840
10842 ,10841
152 ,10843
141 ,10844
10846 ,10845
71 ,10847
10849 ,10848
71 ,10850
24 ,10851
18 ,10852
68 ,10853
31 ,10854
10 ,10855
161 ,10856
68 ,10857
31 ,10858
62 ,10859
31 ,10860
62 ,10861
71 ,10862
24 ,10863
10865 ,10864
10867 ,10866
68 ,10868
10 ,10869
10871 ,10870
10873 ,10872
10875 ,10874
24 ,10876
18 ,10877
20 ,10878
10880 ,10879
41 ,10881
56 ,10882
31 ,10883
10885 ,10884
90 ,10886
35 ,10887
71 ,10888
71 ,10889
10891 ,10890
35 ,10892
24 ,10893
60 ,10894
62 ,10895
12 ,10896
10898 ,10897
10900 ,10899
10902 ,10901
10904 ,10903
10906 ,10905
10908 ,10907
161 ,10909
10911 ,10910
10913 ,10912
10915 ,10914
10917 ,10916
8 ,10918
152 ,10919
161 ,10920
141 ,10921
10923 ,10922
78 ,10924
10926 ,10925
141 ,10927
10929 ,10928
10931 ,10930
68 ,10932
10934 ,10933
10936 ,10935
119 ,10937
10939 ,10938
119 ,10940
10942 ,10941
10944 ,10943
152 ,10945
35 ,10946
41 ,10947
10949 ,10948
78 ,10950
78 ,10951
56 ,10952
16 ,10953
47 ,10954
71 ,10955
62 ,10956
10958 ,10957
16 ,10959
10961 ,10960
10963 ,10962
18 ,10964
31 ,10965
10967 ,10966
10969 ,10968
18 ,10970
4 ,10971
10 ,10972
10974 ,10973
10976 ,10975
10978 ,10977
141 ,10979
10981 ,10980
31 ,10982
152 ,10983
10 ,10984
10986 ,10985
45 ,10987
10989 ,10988
10991 ,10990
10993 ,10992
10 ,10994
4 ,10995
10997 ,10996
18 ,10998
11000 ,10999
18 ,11001
56 ,11002
62 ,11003
24 ,11004
90 ,11005
35 ,11006
35 ,11007
7658 ,11008
152 ,11009
31 ,11010
62 ,11011
41 ,11012
90 ,11013
47 ,11014
141 ,11015
56 ,11016
11018 ,11017
11020 ,11019
161 ,11021
47 ,11022
56 ,11023
31 ,11024
11026 ,11025
71 ,11027
141 ,11028
11030 ,11029
90 ,11031
24 ,11032
52 ,11033
56 ,11034
62 ,11035
161 ,11036
90 ,11037
161 ,11038
11040 ,11039
11042 ,11041
90 ,11043
71 ,11044
56 ,11045
11047 ,11046
16 ,11048
41 ,11049
12 ,11050
68 ,11051
141 ,11052
152 ,11053
16 ,11054
11056 ,11055
161 ,11057
60 ,11058
20 ,11059
78 ,11060
4 ,11061
11063 ,11062
47 ,11064
20 ,11065
47 ,11066
11068 ,11067
11070 ,11069
11072 ,11071
141 ,11073
52 ,11074
161 ,11075
12 ,11076
41 ,11077
62 ,11078
52 ,11079
8 ,11080
31 ,11081
10 ,11082
71 ,11083
35 ,11084
31 ,11085
10 ,11086
4 ,11087
141 ,11088
11090 ,11089
20 ,11091
60 ,11092
24 ,11093
35 ,11094
11096 ,11095
11098 ,11097
18 ,11099
152 ,11100
62 ,11101
56 ,11102
24 ,11103
90 ,11104
16 ,11105
18 ,11106
16 ,11107
119 ,11108
11110 ,11109
16 ,11111
56 ,11112
16 ,11113
11115 ,11114
18 ,11116
11118 ,11117
20 ,11119
10 ,11120
11122 ,11121
152 ,11123
11125 ,11124
60 ,11126
20 ,11127
152 ,11128
11130 ,11129
62 ,11131
41 ,11132
10 ,11133
24 ,11134
4 ,11135
11137 ,11136
45 ,11138
152 ,11139
8 ,11140
71 ,11141
12 ,11142
11144 ,11143
52 ,11145
78 ,11146
78 ,11147
8 ,11148
11150 ,11149
11152 ,11151
45 ,11153
11155 ,11154
4 ,11156
8 ,11157
78 ,11158
52 ,11159
11161 ,11160
11163 ,11162
18 ,11164
119 ,11165
71 ,11166
11168 ,11167
41 ,11169
11171 ,11170
11173 ,11172
18 ,11174
161 ,11175
152 ,11176
16 ,11177
16 ,11178
11180 ,11179
141 ,11181
41 ,11182
8 ,11183
71 ,11184
47 ,11185
8 ,11186
60 ,11187
90 ,11188
161 ,11189
161 ,11190
10 ,11191
16 ,11192
11194 ,11193
20 ,11195
62 ,11196
11198 ,11197
71 ,11199
20 ,11200
10 ,11201
119 ,11202
18 ,11203
376 ,11204
11206 ,11205
62 ,11207
35 ,11208
11210 ,11209
62 ,11211
90 ,11212
35 ,11213
11215 ,11214
119 ,11216
31 ,11217
90 ,11218
11220 ,11219
31 ,11221
119 ,11222
11224 ,11223
31 ,11225
8 ,11226
11228 ,11227
78 ,11229
35 ,11230
18 ,11231
11233 ,11232
31 ,11234
12 ,11235
10 ,11236
31 ,11237
11239 ,11238
11241 ,11240
18 ,11242
11244 ,11243
11246 ,11245
11248 ,11247
152 ,11249
47 ,11250
119 ,11251
68 ,11252
35 ,11253
11255 ,11254
52 ,11256
31 ,11257
4 ,11258
90 ,11259
5870 ,11260
41 ,11261
78 ,11262
141 ,11263
16 ,11264
4 ,11265
141 ,11266
119 ,11267
10 ,11268
90 ,11269
60 ,11270
11272 ,11271
31 ,11273
90 ,11274
31 ,11275
24 ,11276
56 ,11277
52 ,11278
45 ,11279
11281 ,11280
24 ,11282
11284 ,11283
11286 ,11285
161 ,11287
90 ,11288
52 ,11289
11291 ,11290
4 ,11292
16 ,11293
71 ,11294
11296 ,11295
11298 ,11297
152 ,11299
11301 ,11300
35 ,11302
12 ,11303
11305 ,11304
47 ,11306
161 ,11307
31 ,11308
11310 ,11309
11312 ,11311
11314 ,11313
60 ,11315
11317 ,11316
24 ,11318
62 ,11319
78 ,11320
71 ,11321
11323 ,11322
31 ,11324
8 ,11325
20 ,11326
11328 ,11327
56 ,11329
8 ,11330
52 ,11331
68 ,11332
11334 ,11333
11336 ,11335
11338 ,11337
995 ,11339
62 ,11340
2682 ,11341
11343 ,11342
8 ,11344
90 ,11345
47 ,11346
11348 ,11347
45 ,11349
11351 ,11350
11353 ,11352
11355 ,11354
152 ,11356
71 ,11357
71 ,11358
62 ,11359
62 ,11360
71 ,11361
11363 ,11362
11365 ,11364
20 ,11366
152 ,11367
62 ,11368
62 ,11369
47 ,11370
41 ,11371
11373 ,11372
4 ,11374
11376 ,11375
31 ,11377
11379 ,11378
78 ,11380
18 ,11381
141 ,11382
11384 ,11383
18 ,11385
11387 ,11386
62 ,11388
18 ,11389
47 ,11390
41 ,11391
60 ,11392
71 ,11393
161 ,11394
45 ,11395
11397 ,11396
31 ,11398
11400 ,11399
35 ,11401
10 ,11402
35 ,11403
90 ,11404
90 ,11405
11407 ,11406
20 ,11408
10 ,11409
35 ,11410
56 ,11411
41 ,11412
45 ,11413
11415 ,11414
31 ,11416
11418 ,11417
47 ,11419
141 ,11420
35 ,11421
18 ,11422
11424 ,11423
11426 ,11425
16 ,11427
11429 ,11428
11431 ,11430
35 ,11432
11434 ,11433
119 ,11435
35 ,11436
68 ,11437
12 ,11438
45 ,11439
47 ,11440
12 ,11441
11443 ,11442
90 ,11444
11446 ,11445
78 ,11447
90 ,11448
68 ,11449
141 ,11450
52 ,11451
56 ,11452
11454 ,11453
35 ,11455
119 ,11456
20 ,11457
60 ,11458
18 ,11459
10 ,11460
35 ,11461
11463 ,11462
56 ,11464
119 ,11465
161 ,11466
152 ,11467
11469 ,11468
16 ,11470
119 ,11471
24 ,11472
11474 ,11473
52 ,11475
4 ,11476
90 ,11477
60 ,11478
18 ,11479
24 ,11480
12 ,11481
11483 ,11482
11485 ,11484
56 ,11486
20 ,11487
47 ,11488
8 ,11489
71 ,11490
11492 ,11491
60 ,11493
31 ,11494
62 ,11495
16 ,11496
11498 ,11497
47 ,11499
11501 ,11500
62 ,11502
152 ,11503
45 ,11504
47 ,11505
52 ,11506
71 ,11507
24 ,11508
161 ,11509
11511 ,11510
11513 ,11512
11515 ,11514
11517 ,11516
60 ,11518
119 ,11519
11521 ,11520
31 ,11522
161 ,11523
24 ,11524
31 ,11525
4 ,11526
152 ,11527
11529 ,11528
4 ,11530
20 ,11531
16 ,11532
71 ,11533
11535 ,11534
10 ,11536
141 ,11537
141 ,11538
24 ,11539
52 ,11540
16 ,11541
16 ,11542
141 ,11543
11545 ,11544
11547 ,11546
20 ,11548
71 ,11549
35 ,11550
11552 ,11551
11554 ,11553
11556 ,11555
20 ,11557
161 ,11558
11560 ,11559
90 ,11561
11563 ,11562
60 ,11564
16 ,11565
24 ,11566
24 ,11567
18 ,11568
20 ,11569
16 ,11570
11572 ,11571
12 ,11573
60 ,11574
119 ,11575
152 ,11576
11578 ,11577
52 ,11579
11581 ,11580
161 ,11582
18 ,11583
52 ,11584
52 ,11585
8 ,11586
11588 ,11587
11590 ,11589
8 ,11591
62 ,11592
31 ,11593
11595 ,11594
11597 ,11596
11599 ,11598
47 ,11600
10 ,11601
31 ,11602
71 ,11603
11605 ,11604
11607 ,11606
18 ,11608
78 ,11609
68 ,11610
24 ,11611
68 ,11612
161 ,11613
35 ,11614
41 ,11615
12 ,11616
71 ,11617
31 ,11618
11620 ,11619
11622 ,11621
11624 ,11623
11626 ,11625
11628 ,11627
11630 ,11629
90 ,11631
11633 ,11632
56 ,11634
62 ,11635
47 ,11636
12 ,11637
141 ,11638
24 ,11639
52 ,11640
10 ,11641
12 ,11642
52 ,11643
60 ,11644
11646 ,11645
52 ,11647
47 ,11648
11650 ,11649
24 ,11651
11653 ,11652
31 ,11654
78 ,11655
11657 ,11656
62 ,11658
47 ,11659
161 ,11660
11662 ,11661
321 ,11663
11665 ,11664
152 ,11666
11668 ,11667
11670 ,11669
11672 ,11671
16 ,11673
24 ,11674
90 ,11675
12 ,11676
161 ,11677
71 ,11678
47 ,11679
90 ,11680
20 ,11681
90 ,11682
11684 ,11683
6911 ,11685
45 ,11686
12 ,11687
78 ,11688
47 ,11689
16 ,11690
20 ,11691
60 ,11692
11694 ,11693
18 ,11695
90 ,11696
11698 ,11697
11700 ,11699
56 ,11701
45 ,11702
11704 ,11703
35 ,11705
60 ,11706
52 ,11707
11709 ,11708
11711 ,11710
12 ,11712
11714 ,11713
12 ,11715
11717 ,11716
78 ,11718
18 ,11719
90 ,11720
35 ,11721
152 ,11722
35 ,11723
11725 ,11724
11727 ,11726
10 ,11728
11730 ,11729
11732 ,11731
10 ,11733
2682 ,11734
47 ,11735
31 ,11736
78 ,11737
20 ,11738
45 ,11739
11741 ,11740
45 ,11742
152 ,11743
45 ,11744
11746 ,11745
41 ,11747
71 ,11748
11750 ,11749
152 ,11751
11753 ,11752
11755 ,11754
10 ,11756
16 ,11757
24 ,11758
119 ,11759
41 ,11760
11762 ,11761
31 ,11763
438 ,11764
35 ,11765
11767 ,11766
41 ,11768
18 ,11769
20 ,11770
141 ,11771
11773 ,11772
11775 ,11774
11777 ,11776
18 ,11778
11780 ,11779
11782 ,11781
56 ,11783
11785 ,11784
62 ,11786
31 ,11787
11789 ,11788
11791 ,11790
11793 ,11792
12 ,11794
8 ,11795
141 ,11796
995 ,11797
11799 ,11798
11801 ,11800
16 ,11802
11804 ,11803
90 ,11805
60 ,11806
78 ,11807
35 ,11808
11810 ,11809
68 ,11811
24 ,11812
71 ,11813
24 ,11814
11816 ,11815
11818 ,11817
11820 ,11819
62 ,11821
152 ,11822
11824 ,11823
10 ,11825
45 ,11826
161 ,11827
11829 ,11828
11831 ,11830
18 ,11832
119 ,11833
68 ,11834
71 ,11835
11837 ,11836
10 ,11838
90 ,11839
161 ,11840
4 ,11841
8 ,11842
45 ,11843
119 ,11844
16 ,11845
11847 ,11846
4 ,11848
35 ,11849
11851 ,11850
12 ,11852
31 ,11853
56 ,11854
11856 ,11855
11858 ,11857
152 ,11859
11861 ,11860
31 ,11862
11864 ,11863
24 ,11865
4 ,11866
119 ,11867
35 ,11868
11870 ,11869
11872 ,11871
20 ,11873
52 ,11874
56 ,11875
119 ,11876
11878 ,11877
152 ,11879
141 ,11880
11882 ,11881
56 ,11883
52 ,11884
24 ,11885
11887 ,11886
11889 ,11888
31 ,11890
35 ,11891
68 ,11892
78 ,11893
11895 ,11894
20 ,11896
12 ,11897
31 ,11898
141 ,11899
62 ,11900
56 ,11901
8 ,11902
18 ,11903
152 ,11904
11906 ,11905
376 ,11907
11909 ,11908
16 ,11910
11912 ,11911
11914 ,11913
11916 ,11915
11918 ,11917
35 ,11919
11921 ,11920
62 ,11922
11924 ,11923
11926 ,11925
11928 ,11927
35 ,11929
11931 ,11930
10 ,11932
11934 ,11933
11936 ,11935
8 ,11937
119 ,11938
71 ,11939
47 ,11940
11942 ,11941
161 ,11943
71 ,11944
60 ,11945
20 ,11946
31 ,11947
11949 ,11948
141 ,11950
52 ,11951
71 ,11952
11954 ,11953
12 ,11955
24 ,11956
52 ,11957
4 ,11958
52 ,11959
11961 ,11960
152 ,11962
11964 ,11963
11966 ,11965
41 ,11967
11969 ,11968
35 ,11970
41 ,11971
18 ,11972
11974 ,11973
12 ,11975
11977 ,11976
12 ,11978
11980 ,11979
16 ,11981
41 ,11982
35 ,11983
11985 ,11984
11987 ,11986
11989 ,11988
11991 ,11990
52 ,11992
161 ,11993
31 ,11994
62 ,11995
11997 ,11996
20 ,11998
45 ,11999
161 ,12000
45 ,12001
52 ,12002
41 ,12003
12005 ,12004
24 ,12006
12008 ,12007
12010 ,12009
78 ,12011
71 ,12012
12014 ,12013
12016 ,12015
141 ,12017
12019 ,12018
41 ,12020
47 ,12021
12023 ,12022
12025 ,12024
4 ,12026
10 ,12027
161 ,12028
24 ,12029
12031 ,12030
62 ,12032
60 ,12033
12035 ,12034
152 ,12036
12038 ,12037
10 ,12039
12041 ,12040
71 ,12042
12044 ,12043
8 ,12045
4 ,12046
10 ,12047
56 ,12048
90 ,12049
12051 ,12050
71 ,12052
35 ,12053
16 ,12054
62 ,12055
90 ,12056
47 ,12057
141 ,12058
152 ,12059
16 ,12060
12 ,12061
161 ,12062
18 ,12063
41 ,12064
90 ,12065
71 ,12066
12068 ,12067
161 ,12069
41 ,12070
35 ,12071
12073 ,12072
161 ,12074
62 ,12075
12077 ,12076
20 ,12078
68 ,12079
47 ,12080
31 ,12081
24 ,12082
12084 ,12083
52 ,12085
12087 ,12086
20 ,12088
12090 ,12089
12092 ,12091
52 ,12093
20 ,12094
31 ,12095
41 ,12096
24 ,12097
2511 ,12098
12100 ,12099
45 ,12101
12103 ,12102
12105 ,12104
71 ,12106
152 ,12107
41 ,12108
152 ,12109
12111 ,12110
12113 ,12112
152 ,12114
71 ,12115
10 ,12116
47 ,12117
60 ,12118
60 ,12119
12121 ,12120
12123 ,12122
52 ,12124
62 ,12125
10 ,12126
12128 ,12127
78 ,12129
12131 ,12130
35 ,12132
47 ,12133
16 ,12134
12136 ,12135
8 ,12137
62 ,12138
16 ,12139
12141 ,12140
24 ,12142
12144 ,12143
1328 ,12145
56 ,12146
12148 ,12147
141 ,12149
12151 ,12150
3425 ,12152
52 ,12153
12155 ,12154
119 ,12156
12158 ,12157
24 ,12159
47 ,12160
18 ,12161
12163 ,12162
12165 ,12164
12167 ,12166
12169 ,12168
16 ,12170
141 ,12171
18 ,12172
41 ,12173
12175 ,12174
71 ,12176
18 ,12177
16 ,12178
45 ,12179
45 ,12180
12182 ,12181
152 ,12183
60 ,12184
31 ,12185
78 ,12186
12188 ,12187
141 ,12189
12191 ,12190
12193 ,12192
8 ,12194
12196 ,12195
60 ,12197
41 ,12198
12200 ,12199
161 ,12201
12203 ,12202
16 ,12204
12206 ,12205
8 ,12207
24 ,12208
12210 ,12209
35 ,12211
71 ,12212
35 ,12213
12215 ,12214
90 ,12216
12218 ,12217
35 ,12219
12 ,12220
18 ,12221
90 ,12222
90 ,12223
16 ,12224
10 ,12225
78 ,12226
10 ,12227
90 ,12228
45 ,12229
16 ,12230
16 ,12231
161 ,12232
60 ,12233
16 ,12234
12236 ,12235
45 ,12237
12239 ,12238
71 ,12240
41 ,12241
12243 ,12242
41 ,12244
12246 ,12245
391 ,12247
12249 ,12248
56 ,12250
16 ,12251
12253 ,12252
12255 ,12254
12257 ,12256
12 ,12258
62 ,12259
35 ,12260
12262 ,12261
90 ,12263
12265 ,12264
12267 ,12266
18 ,12268
45 ,12269
41 ,12270
52 ,12271
12273 ,12272
10 ,12274
12 ,12275
18 ,12276
71 ,12277
12279 ,12278
31 ,12280
12282 ,12281
16 ,12283
16 ,12284
71 ,12285
12287 ,12286
152 ,12288
45 ,12289
18 ,12290
18 ,12291
152 ,12292
141 ,12293
90 ,12294
31 ,12295
119 ,12296
16 ,12297
60 ,12298
68 ,12299
41 ,12300
12 ,12301
141 ,12302
45 ,12303
18 ,12304
12306 ,12305
62 ,12307
16 ,12308
35 ,12309
24 ,12310
12312 ,12311
12314 ,12313
12316 ,12315
41 ,12317
12319 ,12318
12321 ,12320
45 ,12322
119 ,12323
12325 ,12324
45 ,12326
141 ,12327
60 ,12328
12330 ,12329
56 ,12331
16 ,12332
45 ,12333
12335 ,12334
12337 ,12336
12339 ,12338
12341 ,12340
41 ,12342
12 ,12343
12345 ,12344
45 ,12346
47 ,12347
12349 ,12348
68 ,12350
152 ,12351
90 ,12352
90 ,12353
62 ,12354
90 ,12355
8 ,12356
8 ,12357
60 ,12358
52 ,12359
16 ,12360
152 ,12361
71 ,12362
41 ,12363
12365 ,12364
152 ,12366
12368 ,12367
41 ,12369
12371 ,12370
35 ,12372
12374 ,12373
12376 ,12375
31 ,12377
78 ,12378
35 ,12379
10 ,12380
152 ,12381
71 ,12382
12384 ,12383
41 ,12385
12387 ,12386
12389 ,12388
10 ,12390
10 ,12391
45 ,12392
12394 ,12393
152 ,12395
18 ,12396
10 ,12397
4 ,12398
56 ,12399
161 ,12400
12402 ,12401
152 ,12403
56 ,12404
90 ,12405
12407 ,12406
119 ,12408
12410 ,12409
12 ,12411
152 ,12412
12 ,12413
4 ,12414
62 ,12415
12417 ,12416
45 ,12418
12420 ,12419
16 ,12421
12423 ,12422
47 ,12424
119 ,12425
56 ,12426
62 ,12427
45 ,12428
12430 ,12429
119 ,12431
8 ,12432
12 ,12433
12435 ,12434
24 ,12436
12 ,12437
12439 ,12438
52 ,12440
45 ,12441
52 ,12442
12165 ,12443
18 ,12444
10 ,12445
31 ,12446
45 ,12447
47 ,12448
12450 ,12449
161 ,12451
8 ,12452
10 ,12453
18 ,12454
20 ,12455
90 ,12456
4 ,12457
52 ,12458
12 ,12459
71 ,12460
12462 ,12461
8 ,12463
12465 ,12464
20 ,12466
78 ,12467
24 ,12468
47 ,12469
12471 ,12470
35 ,12472
8 ,12473
62 ,12474
12476 ,12475
20 ,12477
16 ,12478
12480 ,12479
60 ,12481
161 ,12482
56 ,12483
12485 ,12484
62 ,12486
12488 ,12487
12490 ,12489
60 ,12491
52 ,12492
10 ,12493
56 ,12494
8 ,12495
16 ,12496
16 ,12497
90 ,12498
31 ,12499
12 ,12500
62 ,12501
78 ,12502
141 ,12503
78 ,12504
10 ,12505
12507 ,12506
78 ,12508
12510 ,12509
12512 ,12511
12514 ,12513
68 ,12515
141 ,12516
12518 ,12517
18 ,12519
12521 ,12520
10647 ,12522
12524 ,12523
12526 ,12525
78 ,12527
16 ,12528
12530 ,12529
56 ,12531
35 ,12532
12534 ,12533
24 ,12535
47 ,12536
62 ,12537
60 ,12538
8 ,12539
12541 ,12540
56 ,12542
152 ,12543
12545 ,12544
71 ,12546
12548 ,12547
12550 ,12549
68 ,12551
12553 ,12552
35 ,12554
8 ,12555
90 ,12556
62 ,12557
60 ,12558
12560 ,12559
45 ,12561
41 ,12562
141 ,12563
47 ,12564
47 ,12565
52 ,12566
71 ,12567
12569 ,12568
56 ,12570
12 ,12571
12573 ,12572
12575 ,12574
12577 ,12576
16 ,12578
12580 ,12579
12582 ,12581
56 ,12583
12 ,12584
12586 ,12585
12588 ,12587
20 ,12589
12591 ,12590
4 ,12592
71 ,12593
52 ,12594
41 ,12595
45 ,12596
56 ,12597
10 ,12598
68 ,12599
71 ,12600
12602 ,12601
12604 ,12603
35 ,12605
62 ,12606
24 ,12607
12165 ,12608
68 ,12609
31 ,12610
161 ,12611
90 ,12612
62 ,12613
12615 ,12614
24 ,12616
68 ,12617
12619 ,12618
12621 ,12620
12623 ,12622
141 ,12624
68 ,12625
12627 ,12626
10 ,12628
41 ,12629
119 ,12630
12632 ,12631
68 ,12633
8 ,12634
52 ,12635
12637 ,12636
12639 ,12638
141 ,12640
141 ,12641
20 ,12642
90 ,12643
119 ,12644
7658 ,12645
141 ,12646
12648 ,12647
12650 ,12649
152 ,12651
41 ,12652
68 ,12653
68 ,12654
90 ,12655
18 ,12656
4 ,12657
60 ,12658
16 ,12659
20 ,12660
12662 ,12661
90 ,12663
12665 ,12664
68 ,12666
12668 ,12667
119 ,12669
31 ,12670
35 ,12671
52 ,12672
52 ,12673
4 ,12674
56 ,12675
12677 ,12676
68 ,12678
8 ,12679
12681 ,12680
12683 ,12682
41 ,12684
12686 ,12685
24 ,12687
119 ,12688
71 ,12689
62 ,12690
41 ,12691
12693 ,12692
119 ,12694
4 ,12695
62 ,12696
24 ,12697
20 ,12698
31 ,12699
119 ,12700
141 ,12701
161 ,12702
60 ,12703
12705 ,12704
152 ,12706
41 ,12707
141 ,12708
141 ,12709
12711 ,12710
45 ,12712
41 ,12713
12715 ,12714
10 ,12716
56 ,12717
56 ,12718
41 ,12719
12721 ,12720
18 ,12722
161 ,12723
41 ,12724
8 ,12725
12727 ,12726
152 ,12728
18 ,12729
35 ,12730
4 ,12731
152 ,12732
8 ,12733
152 ,12734
119 ,12735
161 ,12736
47 ,12737
8 ,12738
12740 ,12739
119 ,12741
12743 ,12742
12745 ,12744
12747 ,12746
68 ,12748
10 ,12749
12751 ,12750
68 ,12752
56 ,12753
45 ,12754
12756 ,12755
10 ,12757
78 ,12758
4481 ,12759
12761 ,12760
12763 ,12762
12 ,12764
47 ,12765
56 ,12766
12768 ,12767
68 ,12769
56 ,12770
20 ,12771
12773 ,12772
47 ,12774
41 ,12775
45 ,12776
12778 ,12777
12780 ,12779
71 ,12781
8 ,12782
24 ,12783
12 ,12784
12786 ,12785
78 ,12787
71 ,12788
71 ,12789
12791 ,12790
12793 ,12792
8 ,12794
35 ,12795
12797 ,12796
12799 ,12798
12801 ,12800
45 ,12802
52 ,12803
78 ,12804
18 ,12805
56 ,12806
10 ,12807
71 ,12808
71 ,12809
12811 ,12810
60 ,12812
12814 ,12813
16 ,12815
12817 ,12816
45 ,12818
152 ,12819
12821 ,12820
327 ,12822
12824 ,12823
152 ,12825
60 ,12826
90 ,12827
141 ,12828
12830 ,12829
12832 ,12831
56 ,12833
12835 ,12834
18 ,12836
4 ,12837
16 ,12838
78 ,12839
62 ,12840
16 ,12841
12843 ,12842
12845 ,12844
12847 ,12846
16 ,12848
47 ,12849
12851 ,12850
41 ,12852
47 ,12853
47 ,12854
4 ,12855
8 ,12856
12858 ,12857
68 ,12859
12861 ,12860
12863 ,12862
12865 ,12864
47 ,12866
12868 ,12867
62 ,12869
68 ,12870
4 ,12871
12873 ,12872
35 ,12874
12876 ,12875
18 ,12877
12879 ,12878
12881 ,12880
45 ,12882
90 ,12883
