1 ,1
2 ,2
3 ,3
4 ,4
5 ,5
6 ,6
7 ,7
8 ,8
9 ,9
10 ,10
11 ,11
12 ,12
13 ,13
4 ,14
14 ,15
15 ,16
16 ,17
17 ,18
18 ,19
19 ,20
20 ,21
21 ,22
22 ,23
23 ,24
15 ,25
24 ,26
25 ,27
26 ,28
27 ,29
17 ,30
17 ,31
28 ,32
29 ,33
30 ,34
31 ,35
32 ,36
23 ,37
33 ,38
34 ,39
15 ,40
25 ,41
15 ,42
35 ,43
29 ,44
22 ,45
36 ,46
37 ,47
6 ,48
10 ,49
22 ,50
22 ,51
38 ,52
29 ,53
39 ,54
10 ,55
17 ,56
8 ,57
17 ,58
8 ,59
12 ,60
12 ,61
38 ,62
40 ,63
10 ,64
15 ,65
41 ,66
33 ,67
42 ,68
43 ,69
44 ,70
27 ,71
25 ,72
17 ,73
45 ,74
25 ,75
6 ,76
46 ,77
2 ,78
6 ,79
47 ,80
48 ,81
25 ,82
6 ,83
10 ,84
29 ,85
38 ,86
10 ,87
5 ,88
22 ,89
49 ,90
50 ,91
20 ,92
51 ,93
52 ,94
38 ,95
53 ,96
33 ,97
54 ,98
55 ,99
54 ,100
56 ,101
12 ,102
20 ,103
57 ,104
33 ,105
54 ,106
17 ,107
10 ,108
54 ,109
4 ,110
33 ,111
35 ,112
5 ,113
45 ,114
58 ,115
32 ,116
59 ,117
23 ,118
25 ,119
29 ,120
60 ,121
17 ,122
38 ,123
12 ,124
20 ,125
6 ,126
61 ,127
62 ,128
4 ,129
28 ,130
6 ,131
2 ,132
63 ,133
57 ,134
64 ,135
12 ,136
25 ,137
38 ,138
15 ,139
17 ,140
9 ,141
17 ,142
65 ,143
45 ,144
57 ,145
66 ,146
67 ,147
29 ,148
57 ,149
68 ,150
69 ,151
70 ,152
22 ,153
71 ,154
15 ,155
2 ,156
50 ,157
72 ,158
33 ,159
33 ,160
23 ,161
22 ,162
73 ,163
74 ,164
6 ,165
32 ,166
45 ,167
22 ,168
75 ,169
76 ,170
9 ,171
15 ,172
35 ,173
15 ,174
35 ,175
77 ,176
35 ,177
17 ,178
38 ,179
29 ,180
6 ,181
29 ,182
78 ,183
79 ,184
8 ,185
27 ,186
25 ,187
80 ,188
22 ,189
9 ,190
25 ,191
4 ,192
81 ,193
22 ,194
20 ,195
25 ,196
50 ,197
57 ,198
82 ,199
83 ,200
25 ,201
84 ,202
27 ,203
4 ,204
50 ,205
85 ,206
20 ,207
86 ,208
25 ,209
87 ,210
20 ,211
29 ,212
88 ,213
89 ,214
35 ,215
6 ,216
4 ,217
90 ,218
91 ,219
38 ,220
5 ,221
4 ,222
20 ,223
92 ,224
22 ,225
50 ,226
33 ,227
93 ,228
94 ,229
27 ,230
2 ,231
95 ,232
57 ,233
10 ,234
12 ,235
4 ,236
96 ,237
12 ,238
15 ,239
9 ,240
97 ,241
5 ,242
57 ,243
27 ,244
12 ,245
33 ,246
98 ,247
99 ,248
9 ,249
22 ,250
100 ,251
5 ,252
54 ,253
29 ,254
25 ,255
5 ,256
17 ,257
29 ,258
9 ,259
101 ,260
102 ,261
103 ,262
104 ,263
38 ,264
105 ,265
28 ,266
106 ,267
28 ,268
107 ,269
28 ,270
108 ,271
29 ,272
4 ,273
54 ,274
54 ,275
57 ,276
109 ,277
22 ,278
32 ,279
5 ,280
110 ,281
111 ,282
8 ,283
112 ,284
50 ,285
9 ,286
50 ,287
9 ,288
17 ,289
57 ,290
23 ,291
113 ,292
22 ,293
114 ,294
28 ,295
115 ,296
27 ,297
2 ,298
116 ,299
117 ,300
33 ,301
25 ,302
118 ,303
5 ,304
8 ,305
17 ,306
6 ,307
12 ,308
119 ,309
120 ,310
15 ,311
121 ,312
122 ,313
15 ,314
123 ,315
23 ,316
8 ,317
10 ,318
25 ,319
54 ,320
38 ,321
57 ,322
15 ,323
25 ,324
124 ,325
29 ,326
23 ,327
29 ,328
8 ,329
15 ,330
15 ,331
22 ,332
15 ,333
32 ,334
17 ,335
27 ,336
125 ,337
126 ,338
2 ,339
15 ,340
6 ,341
20 ,342
33 ,343
5 ,344
25 ,345
12 ,346
12 ,347
12 ,348
127 ,349
29 ,350
35 ,351
17 ,352
128 ,353
129 ,354
130 ,355
131 ,356
132 ,357
50 ,358
10 ,359
2 ,360
50 ,361
28 ,362
27 ,363
22 ,364
28 ,365
35 ,366
15 ,367
23 ,368
133 ,369
23 ,370
134 ,371
135 ,372
17 ,373
20 ,374
5 ,375
17 ,376
17 ,377
50 ,378
45 ,379
45 ,380
57 ,381
4 ,382
15 ,383
29 ,384
25 ,385
32 ,386
29 ,387
25 ,388
10 ,389
29 ,390
4 ,391
8 ,392
2 ,393
136 ,394
137 ,395
9 ,396
138 ,397
139 ,398
45 ,399
54 ,400
9 ,401
140 ,402
22 ,403
141 ,404
10 ,405
54 ,406
5 ,407
142 ,408
143 ,409
144 ,410
25 ,411
145 ,412
146 ,413
54 ,414
147 ,415
148 ,416
149 ,417
10 ,418
57 ,419
35 ,420
27 ,421
150 ,422
10 ,423
151 ,424
152 ,425
28 ,426
153 ,427
154 ,428
28 ,429
155 ,430
156 ,431
9 ,432
157 ,433
2 ,434
158 ,435
159 ,436
160 ,437
10 ,438
161 ,439
4 ,440
6 ,441
5 ,442
9 ,443
54 ,444
45 ,445
12 ,446
2 ,447
162 ,448
163 ,449
28 ,450
57 ,451
8 ,452
54 ,453
164 ,454
22 ,455
165 ,456
166 ,457
54 ,458
25 ,459
167 ,460
168 ,461
169 ,462
23 ,463
2 ,464
8 ,465
170 ,466
35 ,467
171 ,468
22 ,469
38 ,470
172 ,471
45 ,472
4 ,473
23 ,474
173 ,475
23 ,476
29 ,477
5 ,478
25 ,479
174 ,480
22 ,481
6 ,482
20 ,483
10 ,484
27 ,485
175 ,486
176 ,487
32 ,488
9 ,489
20 ,490
23 ,491
6 ,492
5 ,493
177 ,494
35 ,495
45 ,496
35 ,497
8 ,498
25 ,499
45 ,500
10 ,501
33 ,502
45 ,503
9 ,504
22 ,505
28 ,506
22 ,507
178 ,508
57 ,509
179 ,510
180 ,511
4 ,512
33 ,513
181 ,514
182 ,515
2 ,516
12 ,517
27 ,518
183 ,519
35 ,520
27 ,521
12 ,522
184 ,523
33 ,524
5 ,525
185 ,526
25 ,527
20 ,528
9 ,529
50 ,530
15 ,531
50 ,532
186 ,533
22 ,534
187 ,535
8 ,536
32 ,537
8 ,538
27 ,539
188 ,540
189 ,541
190 ,542
4 ,543
191 ,544
20 ,545
15 ,546
12 ,547
35 ,548
23 ,549
35 ,550
12 ,551
35 ,552
192 ,553
29 ,554
193 ,555
57 ,556
33 ,557
22 ,558
5 ,559
8 ,560
15 ,561
28 ,562
29 ,563
20 ,564
45 ,565
194 ,566
27 ,567
9 ,568
4 ,569
8 ,570
22 ,571
195 ,572
196 ,573
15 ,574
38 ,575
35 ,576
197 ,577
198 ,578
38 ,579
57 ,580
199 ,581
33 ,582
4 ,583
25 ,584
28 ,585
200 ,586
201 ,587
6 ,588
202 ,589
22 ,590
10 ,591
203 ,592
57 ,593
204 ,594
10 ,595
33 ,596
10 ,597
29 ,598
33 ,599
35 ,600
205 ,601
45 ,602
35 ,603
206 ,604
57 ,605
207 ,606
208 ,607
209 ,608
35 ,609
210 ,610
12 ,611
211 ,612
5 ,613
212 ,614
28 ,615
213 ,616
29 ,617
33 ,618
214 ,619
215 ,620
57 ,621
54 ,622
29 ,623
27 ,624
216 ,625
32 ,626
5 ,627
23 ,628
217 ,629
28 ,630
218 ,631
20 ,632
45 ,633
219 ,634
9 ,635
220 ,636
2 ,637
221 ,638
222 ,639
223 ,640
8 ,641
224 ,642
25 ,643
9 ,644
29 ,645
225 ,646
28 ,647
45 ,648
29 ,649
33 ,650
226 ,651
35 ,652
8 ,653
29 ,654
227 ,655
38 ,656
50 ,657
228 ,658
229 ,659
45 ,660
32 ,661
25 ,662
230 ,663
33 ,664
231 ,665
232 ,666
233 ,667
12 ,668
45 ,669
45 ,670
12 ,671
5 ,672
45 ,673
57 ,674
4 ,675
22 ,676
32 ,677
27 ,678
33 ,679
234 ,680
35 ,681
22 ,682
23 ,683
235 ,684
35 ,685
22 ,686
45 ,687
50 ,688
20 ,689
38 ,690
236 ,691
23 ,692
237 ,693
9 ,694
54 ,695
23 ,696
238 ,697
5 ,698
33 ,699
2 ,700
23 ,701
239 ,702
32 ,703
38 ,704
240 ,705
5 ,706
23 ,707
241 ,708
45 ,709
242 ,710
243 ,711
9 ,712
54 ,713
27 ,714
244 ,715
17 ,716
6 ,717
45 ,718
245 ,719
8 ,720
246 ,721
20 ,722
247 ,723
25 ,724
27 ,725
17 ,726
20 ,727
6 ,728
50 ,729
248 ,730
54 ,731
249 ,732
25 ,733
9 ,734
8 ,735
50 ,736
250 ,737
251 ,738
5 ,739
28 ,740
29 ,741
23 ,742
252 ,743
50 ,744
253 ,745
15 ,746
35 ,747
254 ,748
2 ,749
25 ,750
255 ,751
50 ,752
23 ,753
8 ,754
4 ,755
29 ,756
256 ,757
8 ,758
257 ,759
258 ,760
50 ,761
45 ,762
259 ,763
23 ,764
260 ,765
33 ,766
54 ,767
261 ,768
57 ,769
22 ,770
38 ,771
5 ,772
28 ,773
262 ,774
20 ,775
263 ,776
5 ,777
45 ,778
8 ,779
57 ,780
20 ,781
5 ,782
50 ,783
23 ,784
15 ,785
264 ,786
10 ,787
45 ,788
265 ,789
266 ,790
267 ,791
27 ,792
25 ,793
268 ,794
269 ,795
5 ,796
6 ,797
25 ,798
15 ,799
23 ,800
27 ,801
38 ,802
270 ,803
54 ,804
271 ,805
32 ,806
6 ,807
4 ,808
272 ,809
22 ,810
45 ,811
273 ,812
15 ,813
4 ,814
29 ,815
28 ,816
23 ,817
274 ,818
2 ,819
4 ,820
45 ,821
23 ,822
275 ,823
32 ,824
276 ,825
277 ,826
22 ,827
54 ,828
20 ,829
9 ,830
4 ,831
4 ,832
278 ,833
279 ,834
6 ,835
280 ,836
281 ,837
5 ,838
57 ,839
38 ,840
29 ,841
33 ,842
25 ,843
10 ,844
28 ,845
45 ,846
4 ,847
282 ,848
283 ,849
33 ,850
4 ,851
27 ,852
12 ,853
17 ,854
284 ,855
285 ,856
20 ,857
22 ,858
17 ,859
286 ,860
29 ,861
287 ,862
54 ,863
2 ,864
8 ,865
10 ,866
5 ,867
27 ,868
32 ,869
54 ,870
288 ,871
5 ,872
289 ,873
17 ,874
32 ,875
290 ,876
33 ,877
291 ,878
8 ,879
9 ,880
32 ,881
292 ,882
25 ,883
50 ,884
29 ,885
293 ,886
50 ,887
294 ,888
45 ,889
295 ,890
12 ,891
12 ,892
296 ,893
297 ,894
20 ,895
29 ,896
9 ,897
298 ,898
5 ,899
2 ,900
299 ,901
15 ,902
300 ,903
301 ,904
8 ,905
20 ,906
35 ,907
33 ,908
5 ,909
302 ,910
303 ,911
304 ,912
10 ,913
305 ,914
306 ,915
5 ,916
15 ,917
307 ,918
17 ,919
308 ,920
20 ,921
32 ,922
9 ,923
6 ,924
309 ,925
9 ,926
22 ,927
310 ,928
45 ,929
311 ,930
312 ,931
9 ,932
313 ,933
22 ,934
50 ,935
8 ,936
4 ,937
33 ,938
28 ,939
20 ,940
314 ,941
315 ,942
17 ,943
32 ,944
27 ,945
4 ,946
316 ,947
317 ,948
318 ,949
27 ,950
319 ,951
15 ,952
54 ,953
57 ,954
8 ,955
25 ,956
320 ,957
12 ,958
29 ,959
35 ,960
4 ,961
321 ,962
5 ,963
29 ,964
322 ,965
323 ,966
324 ,967
33 ,968
325 ,969
326 ,970
50 ,971
327 ,972
54 ,973
17 ,974
328 ,975
10 ,976
329 ,977
17 ,978
9 ,979
32 ,980
38 ,981
9 ,982
330 ,983
54 ,984
27 ,985
15 ,986
25 ,987
23 ,988
331 ,989
332 ,990
17 ,991
20 ,992
20 ,993
33 ,994
333 ,995
29 ,996
50 ,997
334 ,998
335 ,999
8 ,1000
336 ,1001
337 ,1002
9 ,1003
338 ,1004
339 ,1005
340 ,1006
45 ,1007
38 ,1008
23 ,1009
15 ,1010
22 ,1011
20 ,1012
15 ,1013
20 ,1014
12 ,1015
54 ,1016
20 ,1017
17 ,1018
45 ,1019
27 ,1020
341 ,1021
6 ,1022
8 ,1023
9 ,1024
15 ,1025
2 ,1026
25 ,1027
5 ,1028
2 ,1029
57 ,1030
342 ,1031
2 ,1032
343 ,1033
57 ,1034
29 ,1035
22 ,1036
12 ,1037
17 ,1038
57 ,1039
12 ,1040
33 ,1041
344 ,1042
57 ,1043
345 ,1044
25 ,1045
45 ,1046
45 ,1047
22 ,1048
8 ,1049
6 ,1050
35 ,1051
33 ,1052
45 ,1053
45 ,1054
346 ,1055
347 ,1056
348 ,1057
349 ,1058
9 ,1059
4 ,1060
9 ,1061
45 ,1062
17 ,1063
350 ,1064
22 ,1065
35 ,1066
32 ,1067
2 ,1068
25 ,1069
25 ,1070
351 ,1071
8 ,1072
28 ,1073
352 ,1074
9 ,1075
353 ,1076
4 ,1077
10 ,1078
6 ,1079
54 ,1080
4 ,1081
354 ,1082
45 ,1083
27 ,1084
20 ,1085
10 ,1086
20 ,1087
2 ,1088
8 ,1089
54 ,1090
32 ,1091
38 ,1092
355 ,1093
29 ,1094
33 ,1095
22 ,1096
23 ,1097
356 ,1098
15 ,1099
32 ,1100
9 ,1101
357 ,1102
35 ,1103
358 ,1104
359 ,1105
360 ,1106
8 ,1107
29 ,1108
29 ,1109
361 ,1110
32 ,1111
28 ,1112
4 ,1113
362 ,1114
28 ,1115
33 ,1116
25 ,1117
29 ,1118
363 ,1119
45 ,1120
364 ,1121
45 ,1122
50 ,1123
27 ,1124
17 ,1125
365 ,1126
5 ,1127
9 ,1128
5 ,1129
15 ,1130
8 ,1131
2 ,1132
366 ,1133
33 ,1134
367 ,1135
368 ,1136
369 ,1137
25 ,1138
35 ,1139
28 ,1140
370 ,1141
10 ,1142
371 ,1143
57 ,1144
25 ,1145
23 ,1146
5 ,1147
15 ,1148
54 ,1149
4 ,1150
9 ,1151
45 ,1152
29 ,1153
372 ,1154
373 ,1155
374 ,1156
2 ,1157
23 ,1158
375 ,1159
376 ,1160
45 ,1161
377 ,1162
17 ,1163
2 ,1164
17 ,1165
28 ,1166
5 ,1167
25 ,1168
8 ,1169
6 ,1170
9 ,1171
8 ,1172
17 ,1173
33 ,1174
20 ,1175
378 ,1176
379 ,1177
4 ,1178
25 ,1179
380 ,1180
381 ,1181
35 ,1182
20 ,1183
382 ,1184
383 ,1185
27 ,1186
8 ,1187
6 ,1188
384 ,1189
5 ,1190
23 ,1191
38 ,1192
385 ,1193
17 ,1194
17 ,1195
8 ,1196
32 ,1197
57 ,1198
22 ,1199
38 ,1200
386 ,1201
20 ,1202
23 ,1203
6 ,1204
387 ,1205
23 ,1206
8 ,1207
57 ,1208
35 ,1209
22 ,1210
4 ,1211
10 ,1212
388 ,1213
32 ,1214
389 ,1215
6 ,1216
32 ,1217
390 ,1218
5 ,1219
17 ,1220
391 ,1221
33 ,1222
57 ,1223
27 ,1224
17 ,1225
29 ,1226
392 ,1227
9 ,1228
28 ,1229
2 ,1230
393 ,1231
9 ,1232
394 ,1233
395 ,1234
396 ,1235
9 ,1236
2 ,1237
25 ,1238
57 ,1239
32 ,1240
397 ,1241
398 ,1242
399 ,1243
38 ,1244
400 ,1245
4 ,1246
23 ,1247
33 ,1248
25 ,1249
2 ,1250
45 ,1251
25 ,1252
401 ,1253
17 ,1254
6 ,1255
33 ,1256
402 ,1257
22 ,1258
5 ,1259
22 ,1260
8 ,1261
33 ,1262
50 ,1263
9 ,1264
5 ,1265
9 ,1266
8 ,1267
20 ,1268
33 ,1269
27 ,1270
35 ,1271
403 ,1272
404 ,1273
45 ,1274
5 ,1275
29 ,1276
23 ,1277
12 ,1278
9 ,1279
27 ,1280
28 ,1281
20 ,1282
54 ,1283
17 ,1284
405 ,1285
406 ,1286
23 ,1287
407 ,1288
57 ,1289
57 ,1290
408 ,1291
32 ,1292
409 ,1293
4 ,1294
33 ,1295
29 ,1296
6 ,1297
410 ,1298
6 ,1299
28 ,1300
54 ,1301
32 ,1302
411 ,1303
2 ,1304
33 ,1305
20 ,1306
412 ,1307
12 ,1308
54 ,1309
10 ,1310
23 ,1311
38 ,1312
413 ,1313
414 ,1314
32 ,1315
415 ,1316
28 ,1317
416 ,1318
17 ,1319
417 ,1320
15 ,1321
2 ,1322
29 ,1323
20 ,1324
6 ,1325
23 ,1326
29 ,1327
12 ,1328
10 ,1329
5 ,1330
418 ,1331
17 ,1332
29 ,1333
419 ,1334
5 ,1335
420 ,1336
45 ,1337
421 ,1338
10 ,1339
12 ,1340
422 ,1341
423 ,1342
10 ,1343
424 ,1344
425 ,1345
35 ,1346
426 ,1347
9 ,1348
15 ,1349
32 ,1350
427 ,1351
12 ,1352
45 ,1353
2 ,1354
20 ,1355
45 ,1356
10 ,1357
428 ,1358
429 ,1359
27 ,1360
4 ,1361
23 ,1362
23 ,1363
430 ,1364
431 ,1365
28 ,1366
50 ,1367
432 ,1368
6 ,1369
15 ,1370
8 ,1371
433 ,1372
29 ,1373
33 ,1374
25 ,1375
57 ,1376
12 ,1377
25 ,1378
33 ,1379
8 ,1380
10 ,1381
10 ,1382
57 ,1383
57 ,1384
434 ,1385
2 ,1386
32 ,1387
4 ,1388
10 ,1389
45 ,1390
435 ,1391
436 ,1392
45 ,1393
437 ,1394
12 ,1395
438 ,1396
5 ,1397
57 ,1398
50 ,1399
29 ,1400
28 ,1401
27 ,1402
439 ,1403
440 ,1404
33 ,1405
12 ,1406
441 ,1407
17 ,1408
442 ,1409
22 ,1410
6 ,1411
443 ,1412
10 ,1413
444 ,1414
445 ,1415
446 ,1416
33 ,1417
447 ,1418
448 ,1419
17 ,1420
10 ,1421
23 ,1422
20 ,1423
9 ,1424
449 ,1425
450 ,1426
451 ,1427
29 ,1428
54 ,1429
452 ,1430
22 ,1431
54 ,1432
20 ,1433
453 ,1434
45 ,1435
29 ,1436
12 ,1437
454 ,1438
45 ,1439
17 ,1440
9 ,1441
33 ,1442
4 ,1443
35 ,1444
455 ,1445
50 ,1446
456 ,1447
54 ,1448
5 ,1449
2 ,1450
17 ,1451
45 ,1452
457 ,1453
50 ,1454
458 ,1455
45 ,1456
459 ,1457
10 ,1458
10 ,1459
12 ,1460
35 ,1461
57 ,1462
460 ,1463
12 ,1464
6 ,1465
25 ,1466
8 ,1467
28 ,1468
17 ,1469
33 ,1470
20 ,1471
57 ,1472
461 ,1473
462 ,1474
8 ,1475
54 ,1476
20 ,1477
8 ,1478
35 ,1479
28 ,1480
6 ,1481
28 ,1482
12 ,1483
463 ,1484
33 ,1485
38 ,1486
25 ,1487
28 ,1488
4 ,1489
464 ,1490
54 ,1491
465 ,1492
23 ,1493
29 ,1494
22 ,1495
466 ,1496
467 ,1497
45 ,1498
468 ,1499
50 ,1500
469 ,1501
470 ,1502
10 ,1503
10 ,1504
25 ,1505
38 ,1506
471 ,1507
57 ,1508
472 ,1509
473 ,1510
45 ,1511
28 ,1512
33 ,1513
12 ,1514
474 ,1515
12 ,1516
22 ,1517
28 ,1518
17 ,1519
475 ,1520
20 ,1521
10 ,1522
9 ,1523
35 ,1524
22 ,1525
476 ,1526
477 ,1527
50 ,1528
123 ,1529
12 ,1530
478 ,1531
479 ,1532
27 ,1533
45 ,1534
33 ,1535
9 ,1536
480 ,1537
2 ,1538
35 ,1539
5 ,1540
57 ,1541
22 ,1542
481 ,1543
27 ,1544
32 ,1545
33 ,1546
23 ,1547
9 ,1548
23 ,1549
2 ,1550
15 ,1551
9 ,1552
6 ,1553
35 ,1554
22 ,1555
12 ,1556
25 ,1557
17 ,1558
482 ,1559
38 ,1560
5 ,1561
6 ,1562
29 ,1563
22 ,1564
5 ,1565
10 ,1566
17 ,1567
35 ,1568
54 ,1569
35 ,1570
28 ,1571
483 ,1572
27 ,1573
32 ,1574
32 ,1575
57 ,1576
9 ,1577
484 ,1578
485 ,1579
2 ,1580
486 ,1581
487 ,1582
6 ,1583
54 ,1584
22 ,1585
488 ,1586
10 ,1587
57 ,1588
489 ,1589
5 ,1590
15 ,1591
23 ,1592
2 ,1593
28 ,1594
45 ,1595
27 ,1596
23 ,1597
490 ,1598
5 ,1599
50 ,1600
45 ,1601
50 ,1602
23 ,1603
491 ,1604
32 ,1605
10 ,1606
54 ,1607
20 ,1608
22 ,1609
25 ,1610
492 ,1611
20 ,1612
493 ,1613
35 ,1614
494 ,1615
6 ,1616
57 ,1617
495 ,1618
496 ,1619
10 ,1620
29 ,1621
9 ,1622
497 ,1623
498 ,1624
5 ,1625
50 ,1626
2 ,1627
6 ,1628
499 ,1629
9 ,1630
35 ,1631
6 ,1632
22 ,1633
9 ,1634
5 ,1635
500 ,1636
501 ,1637
35 ,1638
4 ,1639
502 ,1640
8 ,1641
6 ,1642
503 ,1643
38 ,1644
32 ,1645
28 ,1646
27 ,1647
504 ,1648
505 ,1649
506 ,1650
54 ,1651
9 ,1652
8 ,1653
20 ,1654
507 ,1655
508 ,1656
509 ,1657
29 ,1658
510 ,1659
27 ,1660
511 ,1661
512 ,1662
32 ,1663
513 ,1664
45 ,1665
15 ,1666
514 ,1667
2 ,1668
515 ,1669
6 ,1670
28 ,1671
29 ,1672
516 ,1673
25 ,1674
517 ,1675
25 ,1676
9 ,1677
518 ,1678
519 ,1679
10 ,1680
35 ,1681
50 ,1682
20 ,1683
35 ,1684
17 ,1685
25 ,1686
5 ,1687
22 ,1688
23 ,1689
20 ,1690
520 ,1691
521 ,1692
50 ,1693
12 ,1694
32 ,1695
522 ,1696
5 ,1697
523 ,1698
50 ,1699
50 ,1700
4 ,1701
22 ,1702
33 ,1703
25 ,1704
524 ,1705
17 ,1706
6 ,1707
525 ,1708
526 ,1709
527 ,1710
528 ,1711
22 ,1712
35 ,1713
529 ,1714
5 ,1715
54 ,1716
23 ,1717
530 ,1718
531 ,1719
23 ,1720
532 ,1721
50 ,1722
33 ,1723
533 ,1724
534 ,1725
50 ,1726
535 ,1727
536 ,1728
25 ,1729
537 ,1730
538 ,1731
25 ,1732
38 ,1733
539 ,1734
35 ,1735
22 ,1736
540 ,1737
4 ,1738
33 ,1739
29 ,1740
541 ,1741
54 ,1742
542 ,1743
543 ,1744
33 ,1745
50 ,1746
544 ,1747
38 ,1748
57 ,1749
57 ,1750
28 ,1751
50 ,1752
28 ,1753
12 ,1754
545 ,1755
546 ,1756
547 ,1757
548 ,1758
2 ,1759
549 ,1760
550 ,1761
551 ,1762
25 ,1763
8 ,1764
38 ,1765
33 ,1766
552 ,1767
15 ,1768
553 ,1769
33 ,1770
27 ,1771
6 ,1772
38 ,1773
33 ,1774
554 ,1775
57 ,1776
12 ,1777
38 ,1778
555 ,1779
2 ,1780
556 ,1781
557 ,1782
25 ,1783
57 ,1784
54 ,1785
25 ,1786
558 ,1787
23 ,1788
45 ,1789
4 ,1790
559 ,1791
560 ,1792
10 ,1793
17 ,1794
22 ,1795
33 ,1796
4 ,1797
4 ,1798
12 ,1799
23 ,1800
561 ,1801
32 ,1802
12 ,1803
23 ,1804
38 ,1805
50 ,1806
5 ,1807
57 ,1808
45 ,1809
27 ,1810
27 ,1811
20 ,1812
57 ,1813
562 ,1814
563 ,1815
57 ,1816
2 ,1817
29 ,1818
564 ,1819
2 ,1820
565 ,1821
23 ,1822
27 ,1823
32 ,1824
5 ,1825
10 ,1826
566 ,1827
4 ,1828
38 ,1829
35 ,1830
6 ,1831
35 ,1832
17 ,1833
38 ,1834
23 ,1835
23 ,1836
567 ,1837
10 ,1838
57 ,1839
22 ,1840
568 ,1841
17 ,1842
25 ,1843
569 ,1844
57 ,1845
570 ,1846
2 ,1847
17 ,1848
8 ,1849
2 ,1850
4 ,1851
571 ,1852
572 ,1853
573 ,1854
50 ,1855
50 ,1856
574 ,1857
4 ,1858
204 ,1859
25 ,1860
2 ,1861
575 ,1862
8 ,1863
25 ,1864
576 ,1865
577 ,1866
15 ,1867
20 ,1868
578 ,1869
35 ,1870
32 ,1871
15 ,1872
579 ,1873
17 ,1874
35 ,1875
580 ,1876
581 ,1877
23 ,1878
32 ,1879
15 ,1880
22 ,1881
54 ,1882
38 ,1883
582 ,1884
17 ,1885
35 ,1886
23 ,1887
38 ,1888
38 ,1889
35 ,1890
10 ,1891
33 ,1892
6 ,1893
12 ,1894
54 ,1895
583 ,1896
584 ,1897
22 ,1898
6 ,1899
585 ,1900
586 ,1901
27 ,1902
8 ,1903
587 ,1904
204 ,1905
588 ,1906
589 ,1907
590 ,1908
22 ,1909
591 ,1910
8 ,1911
4 ,1912
17 ,1913
32 ,1914
592 ,1915
593 ,1916
594 ,1917
27 ,1918
33 ,1919
23 ,1920
595 ,1921
17 ,1922
57 ,1923
596 ,1924
45 ,1925
597 ,1926
29 ,1927
25 ,1928
15 ,1929
54 ,1930
50 ,1931
598 ,1932
15 ,1933
28 ,1934
2 ,1935
599 ,1936
22 ,1937
57 ,1938
600 ,1939
54 ,1940
57 ,1941
601 ,1942
602 ,1943
603 ,1944
604 ,1945
22 ,1946
57 ,1947
605 ,1948
9 ,1949
8 ,1950
606 ,1951
32 ,1952
9 ,1953
10 ,1954
20 ,1955
33 ,1956
607 ,1957
50 ,1958
8 ,1959
45 ,1960
8 ,1961
15 ,1962
608 ,1963
6 ,1964
27 ,1965
57 ,1966
29 ,1967
57 ,1968
23 ,1969
609 ,1970
6 ,1971
610 ,1972
611 ,1973
9 ,1974
2 ,1975
25 ,1976
612 ,1977
2 ,1978
613 ,1979
8 ,1980
9 ,1981
6 ,1982
614 ,1983
615 ,1984
10 ,1985
616 ,1986
35 ,1987
617 ,1988
9 ,1989
618 ,1990
27 ,1991
619 ,1992
20 ,1993
22 ,1994
25 ,1995
9 ,1996
9 ,1997
28 ,1998
54 ,1999
620 ,2000
29 ,2001
15 ,2002
20 ,2003
33 ,2004
621 ,2005
622 ,2006
623 ,2007
8 ,2008
29 ,2009
624 ,2010
625 ,2011
626 ,2012
25 ,2013
32 ,2014
4 ,2015
33 ,2016
27 ,2017
627 ,2018
20 ,2019
50 ,2020
25 ,2021
50 ,2022
628 ,2023
23 ,2024
629 ,2025
630 ,2026
32 ,2027
9 ,2028
6 ,2029
6 ,2030
32 ,2031
15 ,2032
38 ,2033
631 ,2034
632 ,2035
50 ,2036
35 ,2037
633 ,2038
634 ,2039
635 ,2040
12 ,2041
38 ,2042
38 ,2043
636 ,2044
637 ,2045
638 ,2046
23 ,2047
23 ,2048
639 ,2049
9 ,2050
640 ,2051
27 ,2052
29 ,2053
641 ,2054
15 ,2055
45 ,2056
33 ,2057
27 ,2058
642 ,2059
17 ,2060
5 ,2061
35 ,2062
643 ,2063
22 ,2064
23 ,2065
644 ,2066
33 ,2067
25 ,2068
54 ,2069
57 ,2070
54 ,2071
645 ,2072
20 ,2073
646 ,2074
10 ,2075
38 ,2076
54 ,2077
22 ,2078
647 ,2079
8 ,2080
648 ,2081
17 ,2082
649 ,2083
2 ,2084
35 ,2085
650 ,2086
2 ,2087
6 ,2088
20 ,2089
32 ,2090
22 ,2091
651 ,2092
652 ,2093
20 ,2094
45 ,2095
50 ,2096
33 ,2097
25 ,2098
23 ,2099
33 ,2100
25 ,2101
5 ,2102
653 ,2103
17 ,2104
17 ,2105
57 ,2106
27 ,2107
654 ,2108
655 ,2109
50 ,2110
656 ,2111
38 ,2112
657 ,2113
25 ,2114
4 ,2115
20 ,2116
658 ,2117
659 ,2118
660 ,2119
33 ,2120
12 ,2121
27 ,2122
6 ,2123
15 ,2124
22 ,2125
29 ,2126
12 ,2127
27 ,2128
12 ,2129
32 ,2130
661 ,2131
35 ,2132
662 ,2133
6 ,2134
22 ,2135
33 ,2136
28 ,2137
4 ,2138
663 ,2139
5 ,2140
32 ,2141
664 ,2142
27 ,2143
6 ,2144
665 ,2145
666 ,2146
2 ,2147
667 ,2148
10 ,2149
2 ,2150
5 ,2151
668 ,2152
2 ,2153
57 ,2154
5 ,2155
12 ,2156
8 ,2157
10 ,2158
29 ,2159
45 ,2160
29 ,2161
57 ,2162
669 ,2163
8 ,2164
32 ,2165
10 ,2166
670 ,2167
35 ,2168
671 ,2169
672 ,2170
673 ,2171
674 ,2172
6 ,2173
675 ,2174
25 ,2175
17 ,2176
676 ,2177
17 ,2178
57 ,2179
4 ,2180
29 ,2181
677 ,2182
9 ,2183
25 ,2184
38 ,2185
2 ,2186
678 ,2187
8 ,2188
10 ,2189
20 ,2190
6 ,2191
10 ,2192
38 ,2193
29 ,2194
25 ,2195
20 ,2196
679 ,2197
9 ,2198
27 ,2199
680 ,2200
15 ,2201
57 ,2202
8 ,2203
50 ,2204
9 ,2205
17 ,2206
681 ,2207
33 ,2208
682 ,2209
12 ,2210
17 ,2211
5 ,2212
22 ,2213
54 ,2214
683 ,2215
35 ,2216
684 ,2217
50 ,2218
2 ,2219
20 ,2220
5 ,2221
6 ,2222
685 ,2223
32 ,2224
45 ,2225
32 ,2226
57 ,2227
17 ,2228
15 ,2229
686 ,2230
25 ,2231
29 ,2232
2 ,2233
5 ,2234
6 ,2235
22 ,2236
6 ,2237
32 ,2238
23 ,2239
20 ,2240
687 ,2241
35 ,2242
50 ,2243
4 ,2244
50 ,2245
688 ,2246
25 ,2247
5 ,2248
689 ,2249
690 ,2250
691 ,2251
29 ,2252
5 ,2253
12 ,2254
33 ,2255
692 ,2256
28 ,2257
23 ,2258
693 ,2259
33 ,2260
694 ,2261
695 ,2262
25 ,2263
50 ,2264
696 ,2265
9 ,2266
697 ,2267
57 ,2268
45 ,2269
698 ,2270
699 ,2271
50 ,2272
164 ,2273
6 ,2274
2 ,2275
33 ,2276
598 ,2277
700 ,2278
9 ,2279
701 ,2280
33 ,2281
702 ,2282
17 ,2283
33 ,2284
33 ,2285
4 ,2286
6 ,2287
28 ,2288
15 ,2289
25 ,2290
27 ,2291
9 ,2292
703 ,2293
704 ,2294
4 ,2295
12 ,2296
35 ,2297
705 ,2298
6 ,2299
29 ,2300
706 ,2301
57 ,2302
50 ,2303
707 ,2304
28 ,2305
708 ,2306
29 ,2307
8 ,2308
709 ,2309
32 ,2310
35 ,2311
45 ,2312
22 ,2313
710 ,2314
711 ,2315
712 ,2316
713 ,2317
10 ,2318
57 ,2319
27 ,2320
38 ,2321
714 ,2322
45 ,2323
29 ,2324
715 ,2325
2 ,2326
8 ,2327
716 ,2328
717 ,2329
57 ,2330
50 ,2331
27 ,2332
718 ,2333
54 ,2334
10 ,2335
15 ,2336
8 ,2337
15 ,2338
12 ,2339
12 ,2340
719 ,2341
12 ,2342
8 ,2343
45 ,2344
15 ,2345
2 ,2346
720 ,2347
12 ,2348
15 ,2349
54 ,2350
721 ,2351
15 ,2352
2 ,2353
6 ,2354
12 ,2355
722 ,2356
45 ,2357
15 ,2358
723 ,2359
724 ,2360
8 ,2361
6 ,2362
25 ,2363
725 ,2364
4 ,2365
6 ,2366
23 ,2367
726 ,2368
15 ,2369
45 ,2370
28 ,2371
12 ,2372
50 ,2373
727 ,2374
25 ,2375
33 ,2376
17 ,2377
17 ,2378
8 ,2379
29 ,2380
4 ,2381
2 ,2382
17 ,2383
2 ,2384
728 ,2385
729 ,2386
730 ,2387
29 ,2388
20 ,2389
25 ,2390
731 ,2391
15 ,2392
25 ,2393
6 ,2394
732 ,2395
733 ,2396
734 ,2397
38 ,2398
4 ,2399
10 ,2400
32 ,2401
25 ,2402
735 ,2403
2 ,2404
736 ,2405
737 ,2406
29 ,2407
4 ,2408
738 ,2409
45 ,2410
739 ,2411
57 ,2412
740 ,2413
741 ,2414
6 ,2415
742 ,2416
743 ,2417
10 ,2418
50 ,2419
32 ,2420
744 ,2421
20 ,2422
17 ,2423
745 ,2424
33 ,2425
746 ,2426
33 ,2427
32 ,2428
27 ,2429
32 ,2430
12 ,2431
4 ,2432
15 ,2433
4 ,2434
54 ,2435
57 ,2436
4 ,2437
17 ,2438
33 ,2439
28 ,2440
4 ,2441
38 ,2442
17 ,2443
747 ,2444
23 ,2445
9 ,2446
23 ,2447
748 ,2448
32 ,2449
29 ,2450
17 ,2451
45 ,2452
22 ,2453
20 ,2454
17 ,2455
4 ,2456
749 ,2457
23 ,2458
9 ,2459
750 ,2460
2 ,2461
33 ,2462
27 ,2463
33 ,2464
4 ,2465
12 ,2466
17 ,2467
15 ,2468
32 ,2469
751 ,2470
33 ,2471
6 ,2472
752 ,2473
23 ,2474
29 ,2475
50 ,2476
6 ,2477
12 ,2478
12 ,2479
753 ,2480
50 ,2481
754 ,2482
755 ,2483
25 ,2484
2 ,2485
9 ,2486
756 ,2487
757 ,2488
29 ,2489
45 ,2490
27 ,2491
758 ,2492
27 ,2493
50 ,2494
759 ,2495
5 ,2496
760 ,2497
2 ,2498
5 ,2499
25 ,2500
29 ,2501
761 ,2502
20 ,2503
38 ,2504
4 ,2505
5 ,2506
9 ,2507
35 ,2508
2 ,2509
2 ,2510
8 ,2511
57 ,2512
38 ,2513
8 ,2514
27 ,2515
33 ,2516
762 ,2517
763 ,2518
764 ,2519
54 ,2520
5 ,2521
17 ,2522
33 ,2523
10 ,2524
29 ,2525
15 ,2526
765 ,2527
35 ,2528
54 ,2529
766 ,2530
29 ,2531
12 ,2532
57 ,2533
20 ,2534
10 ,2535
28 ,2536
5 ,2537
54 ,2538
38 ,2539
45 ,2540
57 ,2541
15 ,2542
6 ,2543
20 ,2544
9 ,2545
45 ,2546
27 ,2547
57 ,2548
22 ,2549
54 ,2550
767 ,2551
28 ,2552
17 ,2553
2 ,2554
15 ,2555
768 ,2556
769 ,2557
10 ,2558
35 ,2559
57 ,2560
15 ,2561
25 ,2562
12 ,2563
23 ,2564
770 ,2565
9 ,2566
20 ,2567
12 ,2568
771 ,2569
4 ,2570
772 ,2571
15 ,2572
32 ,2573
8 ,2574
54 ,2575
32 ,2576
5 ,2577
8 ,2578
20 ,2579
2 ,2580
6 ,2581
773 ,2582
32 ,2583
38 ,2584
50 ,2585
774 ,2586
775 ,2587
776 ,2588
35 ,2589
777 ,2590
778 ,2591
2 ,2592
6 ,2593
22 ,2594
2 ,2595
45 ,2596
10 ,2597
32 ,2598
6 ,2599
12 ,2600
779 ,2601
10 ,2602
8 ,2603
4 ,2604
4 ,2605
38 ,2606
780 ,2607
10 ,2608
29 ,2609
9 ,2610
781 ,2611
27 ,2612
4 ,2613
25 ,2614
45 ,2615
9 ,2616
5 ,2617
54 ,2618
33 ,2619
33 ,2620
29 ,2621
35 ,2622
28 ,2623
12 ,2624
5 ,2625
5 ,2626
782 ,2627
22 ,2628
783 ,2629
50 ,2630
784 ,2631
28 ,2632
27 ,2633
35 ,2634
2 ,2635
6 ,2636
785 ,2637
5 ,2638
786 ,2639
35 ,2640
204 ,2641
787 ,2642
788 ,2643
789 ,2644
35 ,2645
790 ,2646
45 ,2647
33 ,2648
54 ,2649
25 ,2650
25 ,2651
33 ,2652
28 ,2653
791 ,2654
54 ,2655
5 ,2656
10 ,2657
792 ,2658
8 ,2659
5 ,2660
33 ,2661
20 ,2662
8 ,2663
25 ,2664
8 ,2665
25 ,2666
25 ,2667
54 ,2668
50 ,2669
25 ,2670
38 ,2671
29 ,2672
793 ,2673
20 ,2674
38 ,2675
57 ,2676
54 ,2677
5 ,2678
33 ,2679
32 ,2680
25 ,2681
35 ,2682
794 ,2683
45 ,2684
33 ,2685
27 ,2686
25 ,2687
4 ,2688
8 ,2689
795 ,2690
2 ,2691
57 ,2692
9 ,2693
796 ,2694
12 ,2695
797 ,2696
25 ,2697
22 ,2698
798 ,2699
799 ,2700
33 ,2701
15 ,2702
57 ,2703
20 ,2704
800 ,2705
801 ,2706
802 ,2707
35 ,2708
20 ,2709
23 ,2710
803 ,2711
4 ,2712
29 ,2713
35 ,2714
25 ,2715
35 ,2716
45 ,2717
804 ,2718
50 ,2719
8 ,2720
50 ,2721
38 ,2722
28 ,2723
6 ,2724
805 ,2725
12 ,2726
12 ,2727
10 ,2728
38 ,2729
806 ,2730
38 ,2731
2 ,2732
807 ,2733
27 ,2734
17 ,2735
25 ,2736
29 ,2737
808 ,2738
809 ,2739
33 ,2740
35 ,2741
810 ,2742
9 ,2743
20 ,2744
811 ,2745
22 ,2746
12 ,2747
6 ,2748
54 ,2749
812 ,2750
32 ,2751
9 ,2752
32 ,2753
813 ,2754
28 ,2755
8 ,2756
22 ,2757
6 ,2758
38 ,2759
814 ,2760
25 ,2761
27 ,2762
815 ,2763
22 ,2764
23 ,2765
57 ,2766
23 ,2767
4 ,2768
32 ,2769
2 ,2770
32 ,2771
816 ,2772
49 ,2773
9 ,2774
50 ,2775
22 ,2776
32 ,2777
6 ,2778
5 ,2779
29 ,2780
9 ,2781
817 ,2782
5 ,2783
20 ,2784
818 ,2785
819 ,2786
10 ,2787
8 ,2788
9 ,2789
12 ,2790
9 ,2791
9 ,2792
25 ,2793
6 ,2794
820 ,2795
45 ,2796
22 ,2797
20 ,2798
821 ,2799
822 ,2800
823 ,2801
9 ,2802
27 ,2803
824 ,2804
29 ,2805
28 ,2806
825 ,2807
27 ,2808
8 ,2809
22 ,2810
38 ,2811
54 ,2812
6 ,2813
826 ,2814
827 ,2815
17 ,2816
9 ,2817
57 ,2818
32 ,2819
29 ,2820
828 ,2821
2 ,2822
829 ,2823
6 ,2824
10 ,2825
4 ,2826
23 ,2827
830 ,2828
831 ,2829
6 ,2830
832 ,2831
32 ,2832
4 ,2833
35 ,2834
8 ,2835
25 ,2836
20 ,2837
8 ,2838
33 ,2839
833 ,2840
834 ,2841
23 ,2842
27 ,2843
835 ,2844
836 ,2845
45 ,2846
15 ,2847
15 ,2848
8 ,2849
28 ,2850
8 ,2851
38 ,2852
50 ,2853
23 ,2854
746 ,2855
837 ,2856
838 ,2857
839 ,2858
22 ,2859
4 ,2860
25 ,2861
22 ,2862
12 ,2863
8 ,2864
15 ,2865
29 ,2866
8 ,2867
840 ,2868
45 ,2869
841 ,2870
20 ,2871
10 ,2872
33 ,2873
842 ,2874
843 ,2875
844 ,2876
17 ,2877
2 ,2878
20 ,2879
845 ,2880
4 ,2881
57 ,2882
27 ,2883
33 ,2884
846 ,2885
27 ,2886
6 ,2887
57 ,2888
12 ,2889
4 ,2890
847 ,2891
35 ,2892
29 ,2893
12 ,2894
848 ,2895
849 ,2896
5 ,2897
32 ,2898
27 ,2899
850 ,2900
38 ,2901
28 ,2902
25 ,2903
25 ,2904
35 ,2905
57 ,2906
22 ,2907
8 ,2908
8 ,2909
54 ,2910
9 ,2911
851 ,2912
6 ,2913
54 ,2914
45 ,2915
15 ,2916
45 ,2917
17 ,2918
8 ,2919
15 ,2920
23 ,2921
28 ,2922
4 ,2923
57 ,2924
2 ,2925
45 ,2926
54 ,2927
27 ,2928
32 ,2929
852 ,2930
29 ,2931
33 ,2932
20 ,2933
853 ,2934
17 ,2935
9 ,2936
29 ,2937
20 ,2938
854 ,2939
855 ,2940
50 ,2941
32 ,2942
32 ,2943
10 ,2944
12 ,2945
23 ,2946
856 ,2947
857 ,2948
858 ,2949
859 ,2950
860 ,2951
22 ,2952
861 ,2953
862 ,2954
38 ,2955
32 ,2956
27 ,2957
863 ,2958
20 ,2959
50 ,2960
8 ,2961
23 ,2962
864 ,2963
2 ,2964
38 ,2965
20 ,2966
25 ,2967
38 ,2968
28 ,2969
9 ,2970
865 ,2971
57 ,2972
2 ,2973
9 ,2974
57 ,2975
866 ,2976
867 ,2977
45 ,2978
2 ,2979
50 ,2980
38 ,2981
27 ,2982
33 ,2983
33 ,2984
2 ,2985
9 ,2986
15 ,2987
868 ,2988
29 ,2989
45 ,2990
6 ,2991
28 ,2992
45 ,2993
869 ,2994
54 ,2995
29 ,2996
4 ,2997
870 ,2998
22 ,2999
54 ,3000
871 ,3001
28 ,3002
872 ,3003
873 ,3004
93 ,3005
874 ,3006
4 ,3007
875 ,3008
876 ,3009
27 ,3010
54 ,3011
22 ,3012
33 ,3013
877 ,3014
54 ,3015
8 ,3016
33 ,3017
12 ,3018
5 ,3019
878 ,3020
29 ,3021
879 ,3022
15 ,3023
38 ,3024
25 ,3025
38 ,3026
23 ,3027
50 ,3028
57 ,3029
54 ,3030
880 ,3031
27 ,3032
881 ,3033
5 ,3034
9 ,3035
2 ,3036
15 ,3037
54 ,3038
882 ,3039
12 ,3040
33 ,3041
883 ,3042
17 ,3043
4 ,3044
38 ,3045
8 ,3046
884 ,3047
45 ,3048
885 ,3049
4 ,3050
10 ,3051
886 ,3052
28 ,3053
12 ,3054
25 ,3055
5 ,3056
887 ,3057
2 ,3058
888 ,3059
889 ,3060
890 ,3061
50 ,3062
45 ,3063
15 ,3064
27 ,3065
891 ,3066
57 ,3067
25 ,3068
20 ,3069
15 ,3070
892 ,3071
893 ,3072
10 ,3073
33 ,3074
45 ,3075
33 ,3076
894 ,3077
5 ,3078
895 ,3079
15 ,3080
896 ,3081
28 ,3082
897 ,3083
5 ,3084
23 ,3085
57 ,3086
50 ,3087
10 ,3088
50 ,3089
54 ,3090
6 ,3091
29 ,3092
898 ,3093
54 ,3094
899 ,3095
23 ,3096
33 ,3097
9 ,3098
9 ,3099
6 ,3100
45 ,3101
900 ,3102
901 ,3103
22 ,3104
38 ,3105
4 ,3106
20 ,3107
29 ,3108
50 ,3109
902 ,3110
10 ,3111
28 ,3112
29 ,3113
15 ,3114
29 ,3115
33 ,3116
903 ,3117
57 ,3118
27 ,3119
22 ,3120
904 ,3121
29 ,3122
905 ,3123
4 ,3124
32 ,3125
10 ,3126
906 ,3127
907 ,3128
33 ,3129
28 ,3130
29 ,3131
23 ,3132
57 ,3133
8 ,3134
20 ,3135
29 ,3136
23 ,3137
6 ,3138
908 ,3139
54 ,3140
909 ,3141
29 ,3142
50 ,3143
23 ,3144
910 ,3145
911 ,3146
28 ,3147
32 ,3148
912 ,3149
913 ,3150
8 ,3151
20 ,3152
914 ,3153
23 ,3154
2 ,3155
33 ,3156
2 ,3157
38 ,3158
32 ,3159
4 ,3160
50 ,3161
23 ,3162
12 ,3163
4 ,3164
57 ,3165
9 ,3166
15 ,3167
45 ,3168
50 ,3169
915 ,3170
33 ,3171
9 ,3172
916 ,3173
917 ,3174
12 ,3175
22 ,3176
20 ,3177
4 ,3178
15 ,3179
918 ,3180
6 ,3181
919 ,3182
15 ,3183
920 ,3184
50 ,3185
33 ,3186
4 ,3187
12 ,3188
50 ,3189
2 ,3190
4 ,3191
4 ,3192
921 ,3193
27 ,3194
12 ,3195
922 ,3196
923 ,3197
20 ,3198
25 ,3199
924 ,3200
925 ,3201
5 ,3202
9 ,3203
2 ,3204
45 ,3205
33 ,3206
10 ,3207
12 ,3208
27 ,3209
27 ,3210
10 ,3211
926 ,3212
927 ,3213
928 ,3214
929 ,3215
930 ,3216
12 ,3217
2 ,3218
10 ,3219
931 ,3220
2 ,3221
932 ,3222
20 ,3223
12 ,3224
28 ,3225
4 ,3226
4 ,3227
933 ,3228
8 ,3229
934 ,3230
935 ,3231
936 ,3232
5 ,3233
45 ,3234
937 ,3235
17 ,3236
20 ,3237
2 ,3238
28 ,3239
10 ,3240
938 ,3241
5 ,3242
29 ,3243
939 ,3244
15 ,3245
6 ,3246
940 ,3247
45 ,3248
941 ,3249
10 ,3250
33 ,3251
8 ,3252
20 ,3253
57 ,3254
15 ,3255
15 ,3256
25 ,3257
38 ,3258
2 ,3259
4 ,3260
942 ,3261
45 ,3262
943 ,3263
944 ,3264
4 ,3265
45 ,3266
45 ,3267
25 ,3268
15 ,3269
9 ,3270
6 ,3271
35 ,3272
28 ,3273
10 ,3274
50 ,3275
38 ,3276
54 ,3277
23 ,3278
25 ,3279
945 ,3280
32 ,3281
946 ,3282
45 ,3283
35 ,3284
6 ,3285
947 ,3286
22 ,3287
948 ,3288
786 ,3289
33 ,3290
15 ,3291
23 ,3292
23 ,3293
45 ,3294
4 ,3295
23 ,3296
8 ,3297
28 ,3298
949 ,3299
32 ,3300
950 ,3301
951 ,3302
107 ,3303
50 ,3304
54 ,3305
952 ,3306
32 ,3307
5 ,3308
953 ,3309
28 ,3310
27 ,3311
32 ,3312
954 ,3313
50 ,3314
32 ,3315
23 ,3316
955 ,3317
956 ,3318
8 ,3319
6 ,3320
27 ,3321
957 ,3322
38 ,3323
9 ,3324
20 ,3325
958 ,3326
20 ,3327
959 ,3328
29 ,3329
6 ,3330
33 ,3331
9 ,3332
10 ,3333
33 ,3334
45 ,3335
54 ,3336
4 ,3337
35 ,3338
23 ,3339
25 ,3340
960 ,3341
5 ,3342
29 ,3343
33 ,3344
961 ,3345
33 ,3346
28 ,3347
4 ,3348
5 ,3349
5 ,3350
27 ,3351
962 ,3352
17 ,3353
17 ,3354
29 ,3355
963 ,3356
8 ,3357
23 ,3358
9 ,3359
9 ,3360
964 ,3361
25 ,3362
12 ,3363
17 ,3364
965 ,3365
32 ,3366
8 ,3367
29 ,3368
12 ,3369
966 ,3370
10 ,3371
45 ,3372
50 ,3373
45 ,3374
967 ,3375
28 ,3376
33 ,3377
10 ,3378
10 ,3379
968 ,3380
969 ,3381
8 ,3382
32 ,3383
970 ,3384
4 ,3385
10 ,3386
8 ,3387
50 ,3388
29 ,3389
971 ,3390
33 ,3391
25 ,3392
17 ,3393
972 ,3394
28 ,3395
20 ,3396
973 ,3397
9 ,3398
17 ,3399
38 ,3400
4 ,3401
23 ,3402
974 ,3403
975 ,3404
17 ,3405
976 ,3406
33 ,3407
33 ,3408
33 ,3409
12 ,3410
977 ,3411
978 ,3412
8 ,3413
45 ,3414
979 ,3415
980 ,3416
28 ,3417
15 ,3418
57 ,3419
35 ,3420
50 ,3421
50 ,3422
50 ,3423
9 ,3424
981 ,3425
27 ,3426
28 ,3427
982 ,3428
983 ,3429
4 ,3430
984 ,3431
985 ,3432
986 ,3433
22 ,3434
32 ,3435
22 ,3436
987 ,3437
5 ,3438
29 ,3439
988 ,3440
989 ,3441
990 ,3442
2 ,3443
991 ,3444
992 ,3445
17 ,3446
2 ,3447
50 ,3448
8 ,3449
15 ,3450
17 ,3451
993 ,3452
27 ,3453
50 ,3454
38 ,3455
994 ,3456
32 ,3457
4 ,3458
995 ,3459
25 ,3460
996 ,3461
50 ,3462
10 ,3463
2 ,3464
20 ,3465
9 ,3466
29 ,3467
57 ,3468
50 ,3469
6 ,3470
997 ,3471
2 ,3472
998 ,3473
28 ,3474
999 ,3475
32 ,3476
2 ,3477
15 ,3478
4 ,3479
32 ,3480
1000 ,3481
5 ,3482
1001 ,3483
8 ,3484
1002 ,3485
1003 ,3486
5 ,3487
1004 ,3488
1005 ,3489
1006 ,3490
1007 ,3491
9 ,3492
2 ,3493
35 ,3494
27 ,3495
6 ,3496
1008 ,3497
15 ,3498
1009 ,3499
1010 ,3500
1011 ,3501
6 ,3502
6 ,3503
23 ,3504
1012 ,3505
23 ,3506
57 ,3507
10 ,3508
1013 ,3509
1014 ,3510
8 ,3511
27 ,3512
1000 ,3513
28 ,3514
1015 ,3515
8 ,3516
1016 ,3517
1017 ,3518
1018 ,3519
1019 ,3520
45 ,3521
12 ,3522
25 ,3523
2 ,3524
25 ,3525
1020 ,3526
1021 ,3527
1022 ,3528
23 ,3529
1023 ,3530
4 ,3531
28 ,3532
5 ,3533
1024 ,3534
27 ,3535
2 ,3536
1025 ,3537
1026 ,3538
23 ,3539
28 ,3540
33 ,3541
20 ,3542
15 ,3543
10 ,3544
12 ,3545
57 ,3546
5 ,3547
1027 ,3548
1028 ,3549
57 ,3550
25 ,3551
8 ,3552
50 ,3553
27 ,3554
54 ,3555
1029 ,3556
17 ,3557
1030 ,3558
27 ,3559
1031 ,3560
50 ,3561
1032 ,3562
25 ,3563
57 ,3564
1033 ,3565
10 ,3566
147 ,3567
9 ,3568
8 ,3569
27 ,3570
10 ,3571
32 ,3572
54 ,3573
1034 ,3574
5 ,3575
17 ,3576
1035 ,3577
1036 ,3578
1037 ,3579
10 ,3580
27 ,3581
1038 ,3582
45 ,3583
2 ,3584
2 ,3585
38 ,3586
28 ,3587
33 ,3588
9 ,3589
1039 ,3590
35 ,3591
22 ,3592
4 ,3593
12 ,3594
5 ,3595
29 ,3596
33 ,3597
23 ,3598
1040 ,3599
32 ,3600
27 ,3601
38 ,3602
57 ,3603
5 ,3604
1041 ,3605
1042 ,3606
50 ,3607
57 ,3608
35 ,3609
15 ,3610
35 ,3611
23 ,3612
28 ,3613
28 ,3614
1043 ,3615
29 ,3616
50 ,3617
45 ,3618
28 ,3619
6 ,3620
2 ,3621
33 ,3622
10 ,3623
1044 ,3624
50 ,3625
57 ,3626
1045 ,3627
8 ,3628
25 ,3629
1046 ,3630
8 ,3631
28 ,3632
10 ,3633
15 ,3634
57 ,3635
1047 ,3636
17 ,3637
8 ,3638
38 ,3639
1048 ,3640
28 ,3641
1049 ,3642
1050 ,3643
1051 ,3644
45 ,3645
45 ,3646
1052 ,3647
20 ,3648
10 ,3649
2 ,3650
33 ,3651
1053 ,3652
1054 ,3653
6 ,3654
1055 ,3655
1056 ,3656
8 ,3657
4 ,3658
1057 ,3659
1058 ,3660
27 ,3661
8 ,3662
6 ,3663
1059 ,3664
38 ,3665
1060 ,3666
38 ,3667
8 ,3668
28 ,3669
38 ,3670
29 ,3671
25 ,3672
10 ,3673
6 ,3674
45 ,3675
1061 ,3676
1062 ,3677
1063 ,3678
50 ,3679
35 ,3680
2 ,3681
22 ,3682
1064 ,3683
1065 ,3684
54 ,3685
6 ,3686
29 ,3687
17 ,3688
57 ,3689
35 ,3690
38 ,3691
4 ,3692
1066 ,3693
57 ,3694
35 ,3695
17 ,3696
22 ,3697
54 ,3698
23 ,3699
5 ,3700
1067 ,3701
38 ,3702
4 ,3703
10 ,3704
9 ,3705
57 ,3706
1068 ,3707
1069 ,3708
1070 ,3709
57 ,3710
1071 ,3711
15 ,3712
35 ,3713
28 ,3714
32 ,3715
1072 ,3716
20 ,3717
23 ,3718
57 ,3719
12 ,3720
1073 ,3721
1074 ,3722
50 ,3723
35 ,3724
35 ,3725
1075 ,3726
1076 ,3727
25 ,3728
1077 ,3729
22 ,3730
28 ,3731
8 ,3732
2 ,3733
1078 ,3734
45 ,3735
1079 ,3736
12 ,3737
17 ,3738
1080 ,3739
1081 ,3740
1082 ,3741
6 ,3742
27 ,3743
32 ,3744
1083 ,3745
57 ,3746
1084 ,3747
1085 ,3748
2 ,3749
22 ,3750
38 ,3751
38 ,3752
1086 ,3753
15 ,3754
1087 ,3755
1088 ,3756
28 ,3757
5 ,3758
5 ,3759
33 ,3760
1089 ,3761
1090 ,3762
25 ,3763
1091 ,3764
1092 ,3765
10 ,3766
17 ,3767
1093 ,3768
22 ,3769
57 ,3770
515 ,3771
17 ,3772
54 ,3773
20 ,3774
6 ,3775
57 ,3776
1094 ,3777
25 ,3778
8 ,3779
20 ,3780
22 ,3781
50 ,3782
4 ,3783
38 ,3784
1095 ,3785
23 ,3786
27 ,3787
17 ,3788
27 ,3789
27 ,3790
27 ,3791
1096 ,3792
1097 ,3793
1098 ,3794
1099 ,3795
1100 ,3796
50 ,3797
1101 ,3798
29 ,3799
12 ,3800
1102 ,3801
5 ,3802
57 ,3803
27 ,3804
1103 ,3805
45 ,3806
29 ,3807
1104 ,3808
9 ,3809
1105 ,3810
32 ,3811
1106 ,3812
27 ,3813
28 ,3814
20 ,3815
27 ,3816
57 ,3817
54 ,3818
35 ,3819
1107 ,3820
1108 ,3821
10 ,3822
1109 ,3823
23 ,3824
57 ,3825
1110 ,3826
1111 ,3827
22 ,3828
1112 ,3829
38 ,3830
8 ,3831
6 ,3832
8 ,3833
45 ,3834
22 ,3835
57 ,3836
54 ,3837
17 ,3838
1113 ,3839
1114 ,3840
27 ,3841
28 ,3842
23 ,3843
32 ,3844
28 ,3845
1115 ,3846
2 ,3847
57 ,3848
1116 ,3849
57 ,3850
17 ,3851
1117 ,3852
23 ,3853
1118 ,3854
1119 ,3855
32 ,3856
8 ,3857
1120 ,3858
27 ,3859
6 ,3860
1121 ,3861
54 ,3862
1122 ,3863
1123 ,3864
1124 ,3865
29 ,3866
23 ,3867
54 ,3868
1125 ,3869
28 ,3870
1126 ,3871
2 ,3872
20 ,3873
1127 ,3874
1128 ,3875
1129 ,3876
22 ,3877
1130 ,3878
25 ,3879
54 ,3880
2 ,3881
10 ,3882
17 ,3883
20 ,3884
1131 ,3885
1132 ,3886
1133 ,3887
35 ,3888
6 ,3889
6 ,3890
12 ,3891
57 ,3892
1134 ,3893
50 ,3894
10 ,3895
38 ,3896
23 ,3897
15 ,3898
1135 ,3899
10 ,3900
1136 ,3901
1137 ,3902
4 ,3903
8 ,3904
33 ,3905
5 ,3906
38 ,3907
28 ,3908
5 ,3909
8 ,3910
6 ,3911
1138 ,3912
28 ,3913
15 ,3914
20 ,3915
1139 ,3916
32 ,3917
50 ,3918
1140 ,3919
2 ,3920
4 ,3921
1141 ,3922
4 ,3923
1142 ,3924
1143 ,3925
1144 ,3926
1145 ,3927
1146 ,3928
1147 ,3929
1148 ,3930
23 ,3931
28 ,3932
9 ,3933
22 ,3934
1149 ,3935
23 ,3936
1150 ,3937
25 ,3938
2 ,3939
10 ,3940
50 ,3941
1151 ,3942
1152 ,3943
33 ,3944
33 ,3945
1153 ,3946
1154 ,3947
2 ,3948
45 ,3949
1155 ,3950
12 ,3951
5 ,3952
25 ,3953
28 ,3954
54 ,3955
8 ,3956
4 ,3957
20 ,3958
6 ,3959
28 ,3960
20 ,3961
25 ,3962
29 ,3963
17 ,3964
1156 ,3965
1157 ,3966
38 ,3967
1158 ,3968
17 ,3969
1159 ,3970
1160 ,3971
95 ,3972
1161 ,3973
28 ,3974
1162 ,3975
1163 ,3976
1164 ,3977
1165 ,3978
38 ,3979
28 ,3980
9 ,3981
5 ,3982
1166 ,3983
17 ,3984
20 ,3985
23 ,3986
10 ,3987
10 ,3988
35 ,3989
15 ,3990
22 ,3991
1167 ,3992
33 ,3993
50 ,3994
29 ,3995
54 ,3996
23 ,3997
1168 ,3998
15 ,3999
1169 ,4000
32 ,4001
1170 ,4002
1171 ,4003
27 ,4004
50 ,4005
1172 ,4006
54 ,4007
107 ,4008
1173 ,4009
35 ,4010
4 ,4011
33 ,4012
6 ,4013
50 ,4014
32 ,4015
15 ,4016
10 ,4017
57 ,4018
6 ,4019
38 ,4020
1174 ,4021
10 ,4022
1175 ,4023
5 ,4024
1176 ,4025
5 ,4026
35 ,4027
1177 ,4028
12 ,4029
1178 ,4030
28 ,4031
2 ,4032
1179 ,4033
1180 ,4034
12 ,4035
29 ,4036
5 ,4037
6 ,4038
1181 ,4039
1182 ,4040
2 ,4041
25 ,4042
1183 ,4043
9 ,4044
33 ,4045
25 ,4046
1184 ,4047
22 ,4048
1185 ,4049
27 ,4050
12 ,4051
6 ,4052
1186 ,4053
29 ,4054
35 ,4055
12 ,4056
1187 ,4057
35 ,4058
50 ,4059
1188 ,4060
38 ,4061
1189 ,4062
8 ,4063
29 ,4064
1190 ,4065
54 ,4066
23 ,4067
35 ,4068
33 ,4069
38 ,4070
8 ,4071
57 ,4072
1191 ,4073
2 ,4074
15 ,4075
1192 ,4076
25 ,4077
23 ,4078
17 ,4079
27 ,4080
1193 ,4081
9 ,4082
54 ,4083
1194 ,4084
33 ,4085
12 ,4086
35 ,4087
2 ,4088
12 ,4089
57 ,4090
9 ,4091
15 ,4092
1195 ,4093
8 ,4094
5 ,4095
17 ,4096
12 ,4097
4 ,4098
1196 ,4099
1197 ,4100
1198 ,4101
20 ,4102
1199 ,4103
54 ,4104
1200 ,4105
35 ,4106
25 ,4107
5 ,4108
45 ,4109
22 ,4110
50 ,4111
45 ,4112
38 ,4113
12 ,4114
57 ,4115
8 ,4116
1201 ,4117
1202 ,4118
17 ,4119
1203 ,4120
1204 ,4121
57 ,4122
35 ,4123
1205 ,4124
32 ,4125
38 ,4126
54 ,4127
20 ,4128
1206 ,4129
1207 ,4130
5 ,4131
25 ,4132
12 ,4133
10 ,4134
1208 ,4135
15 ,4136
4 ,4137
8 ,4138
6 ,4139
50 ,4140
22 ,4141
9 ,4142
38 ,4143
35 ,4144
5 ,4145
1209 ,4146
20 ,4147
8 ,4148
1210 ,4149
12 ,4150
6 ,4151
57 ,4152
4 ,4153
25 ,4154
25 ,4155
54 ,4156
8 ,4157
38 ,4158
1211 ,4159
32 ,4160
1212 ,4161
6 ,4162
45 ,4163
57 ,4164
1213 ,4165
15 ,4166
38 ,4167
1214 ,4168
45 ,4169
1215 ,4170
1216 ,4171
32 ,4172
1217 ,4173
54 ,4174
1218 ,4175
8 ,4176
35 ,4177
1219 ,4178
22 ,4179
6 ,4180
38 ,4181
25 ,4182
9 ,4183
12 ,4184
1220 ,4185
1221 ,4186
1222 ,4187
10 ,4188
27 ,4189
35 ,4190
54 ,4191
29 ,4192
25 ,4193
1223 ,4194
1224 ,4195
32 ,4196
57 ,4197
27 ,4198
45 ,4199
29 ,4200
50 ,4201
57 ,4202
33 ,4203
33 ,4204
1225 ,4205
32 ,4206
1226 ,4207
5 ,4208
1227 ,4209
1228 ,4210
1229 ,4211
8 ,4212
27 ,4213
1230 ,4214
1231 ,4215
15 ,4216
1232 ,4217
10 ,4218
1233 ,4219
54 ,4220
1234 ,4221
22 ,4222
1235 ,4223
5 ,4224
25 ,4225
35 ,4226
27 ,4227
12 ,4228
1236 ,4229
1237 ,4230
1238 ,4231
1239 ,4232
10 ,4233
57 ,4234
6 ,4235
1240 ,4236
17 ,4237
23 ,4238
20 ,4239
4 ,4240
9 ,4241
25 ,4242
1241 ,4243
1242 ,4244
23 ,4245
50 ,4246
1243 ,4247
27 ,4248
2 ,4249
57 ,4250
17 ,4251
27 ,4252
15 ,4253
1244 ,4254
29 ,4255
1245 ,4256
35 ,4257
28 ,4258
23 ,4259
1246 ,4260
1247 ,4261
17 ,4262
10 ,4263
33 ,4264
1248 ,4265
1249 ,4266
12 ,4267
4 ,4268
1250 ,4269
32 ,4270
25 ,4271
5 ,4272
4 ,4273
1251 ,4274
29 ,4275
17 ,4276
27 ,4277
50 ,4278
1252 ,4279
1253 ,4280
1254 ,4281
1255 ,4282
12 ,4283
38 ,4284
45 ,4285
9 ,4286
23 ,4287
5 ,4288
2 ,4289
1256 ,4290
38 ,4291
54 ,4292
8 ,4293
10 ,4294
1257 ,4295
4 ,4296
15 ,4297
22 ,4298
1258 ,4299
5 ,4300
27 ,4301
1259 ,4302
45 ,4303
1260 ,4304
38 ,4305
9 ,4306
1261 ,4307
1262 ,4308
27 ,4309
2 ,4310
15 ,4311
5 ,4312
6 ,4313
38 ,4314
33 ,4315
8 ,4316
12 ,4317
12 ,4318
32 ,4319
28 ,4320
1263 ,4321
54 ,4322
20 ,4323
35 ,4324
35 ,4325
15 ,4326
1264 ,4327
54 ,4328
9 ,4329
25 ,4330
1265 ,4331
8 ,4332
8 ,4333
1266 ,4334
28 ,4335
1267 ,4336
6 ,4337
12 ,4338
1268 ,4339
2 ,4340
54 ,4341
33 ,4342
50 ,4343
27 ,4344
1269 ,4345
50 ,4346
1270 ,4347
4 ,4348
1271 ,4349
27 ,4350
23 ,4351
2 ,4352
50 ,4353
1272 ,4354
17 ,4355
57 ,4356
23 ,4357
29 ,4358
27 ,4359
1273 ,4360
5 ,4361
1274 ,4362
23 ,4363
33 ,4364
25 ,4365
9 ,4366
12 ,4367
2 ,4368
1275 ,4369
1276 ,4370
50 ,4371
1277 ,4372
50 ,4373
15 ,4374
54 ,4375
38 ,4376
1278 ,4377
33 ,4378
9 ,4379
20 ,4380
1279 ,4381
6 ,4382
28 ,4383
9 ,4384
27 ,4385
1280 ,4386
9 ,4387
1281 ,4388
17 ,4389
23 ,4390
54 ,4391
1282 ,4392
57 ,4393
17 ,4394
1283 ,4395
8 ,4396
1284 ,4397
54 ,4398
2 ,4399
1285 ,4400
5 ,4401
1286 ,4402
17 ,4403
29 ,4404
1287 ,4405
1288 ,4406
27 ,4407
1289 ,4408
10 ,4409
35 ,4410
28 ,4411
20 ,4412
33 ,4413
32 ,4414
20 ,4415
29 ,4416
23 ,4417
38 ,4418
2 ,4419
29 ,4420
1290 ,4421
9 ,4422
33 ,4423
35 ,4424
28 ,4425
32 ,4426
57 ,4427
1291 ,4428
1292 ,4429
50 ,4430
1293 ,4431
5 ,4432
10 ,4433
27 ,4434
1294 ,4435
1295 ,4436
5 ,4437
38 ,4438
33 ,4439
23 ,4440
9 ,4441
35 ,4442
35 ,4443
1296 ,4444
29 ,4445
1297 ,4446
23 ,4447
1298 ,4448
50 ,4449
35 ,4450
57 ,4451
1299 ,4452
22 ,4453
8 ,4454
12 ,4455
17 ,4456
27 ,4457
1300 ,4458
32 ,4459
15 ,4460
33 ,4461
1301 ,4462
6 ,4463
10 ,4464
1302 ,4465
27 ,4466
1303 ,4467
1304 ,4468
33 ,4469
28 ,4470
1305 ,4471
45 ,4472
12 ,4473
29 ,4474
38 ,4475
1306 ,4476
1307 ,4477
2 ,4478
1308 ,4479
54 ,4480
1309 ,4481
22 ,4482
8 ,4483
15 ,4484
1310 ,4485
54 ,4486
1311 ,4487
6 ,4488
45 ,4489
1312 ,4490
1313 ,4491
1314 ,4492
10 ,4493
23 ,4494
25 ,4495
33 ,4496
1315 ,4497
20 ,4498
1316 ,4499
29 ,4500
45 ,4501
35 ,4502
27 ,4503
1317 ,4504
12 ,4505
50 ,4506
12 ,4507
1318 ,4508
22 ,4509
35 ,4510
1319 ,4511
5 ,4512
2 ,4513
20 ,4514
1320 ,4515
1321 ,4516
9 ,4517
1322 ,4518
1323 ,4519
1324 ,4520
1325 ,4521
50 ,4522
8 ,4523
22 ,4524
25 ,4525
8 ,4526
50 ,4527
10 ,4528
29 ,4529
17 ,4530
2 ,4531
1326 ,4532
38 ,4533
57 ,4534
9 ,4535
1327 ,4536
32 ,4537
1328 ,4538
45 ,4539
17 ,4540
1329 ,4541
50 ,4542
22 ,4543
38 ,4544
32 ,4545
29 ,4546
25 ,4547
5 ,4548
1330 ,4549
27 ,4550
1331 ,4551
1332 ,4552
1333 ,4553
1334 ,4554
1335 ,4555
1336 ,4556
8 ,4557
25 ,4558
1337 ,4559
38 ,4560
4 ,4561
1338 ,4562
20 ,4563
29 ,4564
32 ,4565
1339 ,4566
32 ,4567
1340 ,4568
25 ,4569
25 ,4570
5 ,4571
2 ,4572
27 ,4573
50 ,4574
1341 ,4575
12 ,4576
15 ,4577
22 ,4578
57 ,4579
1342 ,4580
27 ,4581
1343 ,4582
32 ,4583
27 ,4584
38 ,4585
977 ,4586
57 ,4587
50 ,4588
17 ,4589
15 ,4590
2 ,4591
1344 ,4592
27 ,4593
10 ,4594
1345 ,4595
1346 ,4596
1347 ,4597
1348 ,4598
54 ,4599
35 ,4600
2 ,4601
20 ,4602
1349 ,4603
1350 ,4604
27 ,4605
29 ,4606
1351 ,4607
38 ,4608
8 ,4609
32 ,4610
28 ,4611
1352 ,4612
28 ,4613
12 ,4614
6 ,4615
17 ,4616
1353 ,4617
57 ,4618
15 ,4619
1354 ,4620
2 ,4621
1355 ,4622
38 ,4623
8 ,4624
45 ,4625
1356 ,4626
1357 ,4627
4 ,4628
25 ,4629
12 ,4630
1358 ,4631
5 ,4632
10 ,4633
10 ,4634
1359 ,4635
20 ,4636
1360 ,4637
9 ,4638
20 ,4639
1361 ,4640
2 ,4641
1362 ,4642
1363 ,4643
20 ,4644
1364 ,4645
27 ,4646
38 ,4647
1365 ,4648
12 ,4649
12 ,4650
25 ,4651
4 ,4652
1366 ,4653
23 ,4654
50 ,4655
50 ,4656
1367 ,4657
1368 ,4658
38 ,4659
32 ,4660
38 ,4661
1369 ,4662
4 ,4663
9 ,4664
1370 ,4665
25 ,4666
12 ,4667
5 ,4668
1371 ,4669
12 ,4670
54 ,4671
23 ,4672
2 ,4673
1372 ,4674
1373 ,4675
6 ,4676
1374 ,4677
1375 ,4678
17 ,4679
1376 ,4680
2 ,4681
38 ,4682
12 ,4683
10 ,4684
8 ,4685
10 ,4686
20 ,4687
1377 ,4688
1378 ,4689
4 ,4690
28 ,4691
32 ,4692
57 ,4693
17 ,4694
10 ,4695
6 ,4696
54 ,4697
17 ,4698
38 ,4699
38 ,4700
50 ,4701
57 ,4702
1379 ,4703
1380 ,4704
28 ,4705
1381 ,4706
32 ,4707
10 ,4708
33 ,4709
38 ,4710
50 ,4711
22 ,4712
5 ,4713
54 ,4714
1382 ,4715
15 ,4716
1383 ,4717
25 ,4718
8 ,4719
123 ,4720
8 ,4721
5 ,4722
1384 ,4723
25 ,4724
54 ,4725
1385 ,4726
17 ,4727
22 ,4728
29 ,4729
15 ,4730
35 ,4731
29 ,4732
1386 ,4733
1387 ,4734
1388 ,4735
35 ,4736
28 ,4737
2 ,4738
5 ,4739
54 ,4740
10 ,4741
10 ,4742
12 ,4743
20 ,4744
1389 ,4745
57 ,4746
10 ,4747
29 ,4748
1390 ,4749
17 ,4750
4 ,4751
1391 ,4752
15 ,4753
1392 ,4754
1393 ,4755
27 ,4756
1394 ,4757
12 ,4758
25 ,4759
32 ,4760
1395 ,4761
27 ,4762
54 ,4763
22 ,4764
33 ,4765
5 ,4766
20 ,4767
1396 ,4768
50 ,4769
23 ,4770
25 ,4771
20 ,4772
27 ,4773
2 ,4774
12 ,4775
12 ,4776
1397 ,4777
32 ,4778
1398 ,4779
1399 ,4780
23 ,4781
1400 ,4782
15 ,4783
9 ,4784
1401 ,4785
45 ,4786
10 ,4787
2 ,4788
4 ,4789
2 ,4790
54 ,4791
1402 ,4792
45 ,4793
1403 ,4794
38 ,4795
374 ,4796
1404 ,4797
1405 ,4798
25 ,4799
1406 ,4800
1407 ,4801
35 ,4802
27 ,4803
12 ,4804
10 ,4805
32 ,4806
4 ,4807
6 ,4808
33 ,4809
20 ,4810
28 ,4811
17 ,4812
1408 ,4813
1409 ,4814
8 ,4815
32 ,4816
10 ,4817
33 ,4818
1410 ,4819
9 ,4820
57 ,4821
8 ,4822
23 ,4823
1411 ,4824
10 ,4825
20 ,4826
6 ,4827
6 ,4828
45 ,4829
1412 ,4830
1107 ,4831
5 ,4832
1413 ,4833
27 ,4834
28 ,4835
1414 ,4836
54 ,4837
28 ,4838
1415 ,4839
1416 ,4840
27 ,4841
1417 ,4842
1418 ,4843
4 ,4844
17 ,4845
10 ,4846
50 ,4847
22 ,4848
12 ,4849
1419 ,4850
1420 ,4851
28 ,4852
1421 ,4853
1422 ,4854
33 ,4855
38 ,4856
5 ,4857
5 ,4858
57 ,4859
8 ,4860
1423 ,4861
1424 ,4862
1425 ,4863
10 ,4864
6 ,4865
28 ,4866
20 ,4867
23 ,4868
4 ,4869
17 ,4870
50 ,4871
5 ,4872
45 ,4873
1426 ,4874
6 ,4875
20 ,4876
12 ,4877
1427 ,4878
4 ,4879
33 ,4880
27 ,4881
1428 ,4882
8 ,4883
50 ,4884
1429 ,4885
33 ,4886
1430 ,4887
45 ,4888
1431 ,4889
20 ,4890
35 ,4891
1432 ,4892
23 ,4893
1433 ,4894
1434 ,4895
5 ,4896
1435 ,4897
35 ,4898
17 ,4899
1436 ,4900
9 ,4901
23 ,4902
38 ,4903
1437 ,4904
12 ,4905
1438 ,4906
15 ,4907
20 ,4908
1439 ,4909
1440 ,4910
33 ,4911
5 ,4912
1441 ,4913
2 ,4914
1442 ,4915
4 ,4916
8 ,4917
17 ,4918
2 ,4919
38 ,4920
5 ,4921
25 ,4922
10 ,4923
4 ,4924
1443 ,4925
1444 ,4926
1445 ,4927
38 ,4928
2 ,4929
23 ,4930
6 ,4931
1446 ,4932
17 ,4933
33 ,4934
17 ,4935
22 ,4936
20 ,4937
57 ,4938
25 ,4939
20 ,4940
1447 ,4941
1448 ,4942
23 ,4943
1449 ,4944
1450 ,4945
32 ,4946
15 ,4947
12 ,4948
29 ,4949
1451 ,4950
20 ,4951
6 ,4952
12 ,4953
33 ,4954
17 ,4955
10 ,4956
95 ,4957
32 ,4958
22 ,4959
15 ,4960
50 ,4961
35 ,4962
6 ,4963
23 ,4964
10 ,4965
25 ,4966
57 ,4967
57 ,4968
5 ,4969
1452 ,4970
10 ,4971
17 ,4972
32 ,4973
1453 ,4974
50 ,4975
1454 ,4976
23 ,4977
5 ,4978
2 ,4979
35 ,4980
1455 ,4981
12 ,4982
1456 ,4983
1457 ,4984
1458 ,4985
20 ,4986
50 ,4987
6 ,4988
15 ,4989
25 ,4990
17 ,4991
25 ,4992
1459 ,4993
45 ,4994
5 ,4995
1460 ,4996
32 ,4997
33 ,4998
25 ,4999
50 ,5000
1461 ,5001
8 ,5002
1462 ,5003
45 ,5004
54 ,5005
27 ,5006
35 ,5007
1463 ,5008
1464 ,5009
15 ,5010
27 ,5011
23 ,5012
1465 ,5013
27 ,5014
50 ,5015
1466 ,5016
1467 ,5017
57 ,5018
1468 ,5019
1469 ,5020
23 ,5021
1470 ,5022
32 ,5023
1471 ,5024
1472 ,5025
8 ,5026
23 ,5027
22 ,5028
12 ,5029
20 ,5030
33 ,5031
1473 ,5032
15 ,5033
28 ,5034
5 ,5035
1474 ,5036
57 ,5037
1475 ,5038
33 ,5039
23 ,5040
4 ,5041
45 ,5042
33 ,5043
6 ,5044
20 ,5045
28 ,5046
38 ,5047
35 ,5048
5 ,5049
1476 ,5050
1477 ,5051
2 ,5052
4 ,5053
1478 ,5054
54 ,5055
1479 ,5056
12 ,5057
8 ,5058
1480 ,5059
1481 ,5060
45 ,5061
20 ,5062
10 ,5063
54 ,5064
12 ,5065
9 ,5066
38 ,5067
1482 ,5068
1483 ,5069
1484 ,5070
35 ,5071
38 ,5072
12 ,5073
8 ,5074
4 ,5075
50 ,5076
23 ,5077
23 ,5078
1485 ,5079
33 ,5080
33 ,5081
10 ,5082
1486 ,5083
25 ,5084
5 ,5085
35 ,5086
32 ,5087
2 ,5088
12 ,5089
1487 ,5090
27 ,5091
1488 ,5092
12 ,5093
23 ,5094
8 ,5095
33 ,5096
29 ,5097
27 ,5098
1489 ,5099
1490 ,5100
17 ,5101
10 ,5102
54 ,5103
22 ,5104
1491 ,5105
33 ,5106
1492 ,5107
9 ,5108
57 ,5109
1493 ,5110
33 ,5111
20 ,5112
23 ,5113
8 ,5114
10 ,5115
1494 ,5116
9 ,5117
27 ,5118
22 ,5119
1495 ,5120
6 ,5121
1496 ,5122
1497 ,5123
33 ,5124
35 ,5125
27 ,5126
28 ,5127
1498 ,5128
29 ,5129
1499 ,5130
1500 ,5131
27 ,5132
22 ,5133
23 ,5134
15 ,5135
8 ,5136
1501 ,5137
1502 ,5138
23 ,5139
1503 ,5140
32 ,5141
1504 ,5142
12 ,5143
22 ,5144
20 ,5145
28 ,5146
4 ,5147
38 ,5148
1505 ,5149
1506 ,5150
5 ,5151
22 ,5152
28 ,5153
8 ,5154
1507 ,5155
6 ,5156
33 ,5157
1508 ,5158
38 ,5159
4 ,5160
2 ,5161
12 ,5162
38 ,5163
28 ,5164
12 ,5165
33 ,5166
4 ,5167
22 ,5168
57 ,5169
8 ,5170
38 ,5171
4 ,5172
23 ,5173
1509 ,5174
35 ,5175
5 ,5176
38 ,5177
45 ,5178
1510 ,5179
17 ,5180
6 ,5181
23 ,5182
252 ,5183
25 ,5184
38 ,5185
9 ,5186
35 ,5187
1511 ,5188
1512 ,5189
1513 ,5190
1514 ,5191
50 ,5192
45 ,5193
1515 ,5194
50 ,5195
50 ,5196
57 ,5197
38 ,5198
54 ,5199
33 ,5200
33 ,5201
27 ,5202
27 ,5203
20 ,5204
5 ,5205
33 ,5206
15 ,5207
22 ,5208
38 ,5209
23 ,5210
22 ,5211
1516 ,5212
1517 ,5213
27 ,5214
57 ,5215
1518 ,5216
28 ,5217
1519 ,5218
35 ,5219
17 ,5220
1520 ,5221
1521 ,5222
29 ,5223
8 ,5224
1522 ,5225
28 ,5226
35 ,5227
1523 ,5228
1524 ,5229
1525 ,5230
9 ,5231
12 ,5232
35 ,5233
17 ,5234
45 ,5235
45 ,5236
2 ,5237
54 ,5238
38 ,5239
54 ,5240
1526 ,5241
374 ,5242
12 ,5243
45 ,5244
22 ,5245
1527 ,5246
28 ,5247
1528 ,5248
27 ,5249
28 ,5250
1529 ,5251
2 ,5252
20 ,5253
33 ,5254
1530 ,5255
1531 ,5256
50 ,5257
6 ,5258
22 ,5259
5 ,5260
9 ,5261
1532 ,5262
57 ,5263
20 ,5264
1533 ,5265
4 ,5266
6 ,5267
25 ,5268
22 ,5269
1534 ,5270
12 ,5271
1535 ,5272
5 ,5273
1536 ,5274
5 ,5275
5 ,5276
1537 ,5277
38 ,5278
1538 ,5279
22 ,5280
6 ,5281
22 ,5282
1539 ,5283
4 ,5284
32 ,5285
12 ,5286
1540 ,5287
17 ,5288
54 ,5289
6 ,5290
107 ,5291
1541 ,5292
28 ,5293
9 ,5294
8 ,5295
1542 ,5296
22 ,5297
20 ,5298
1543 ,5299
50 ,5300
4 ,5301
23 ,5302
17 ,5303
45 ,5304
32 ,5305
1544 ,5306
29 ,5307
54 ,5308
50 ,5309
1545 ,5310
23 ,5311
1546 ,5312
4 ,5313
27 ,5314
10 ,5315
1547 ,5316
54 ,5317
1548 ,5318
45 ,5319
22 ,5320
12 ,5321
57 ,5322
1549 ,5323
27 ,5324
22 ,5325
12 ,5326
54 ,5327
1550 ,5328
6 ,5329
4 ,5330
12 ,5331
1551 ,5332
20 ,5333
1552 ,5334
20 ,5335
8 ,5336
15 ,5337
15 ,5338
1553 ,5339
8 ,5340
27 ,5341
27 ,5342
5 ,5343
8 ,5344
17 ,5345
15 ,5346
45 ,5347
35 ,5348
1554 ,5349
57 ,5350
1555 ,5351
32 ,5352
1556 ,5353
1557 ,5354
1558 ,5355
1559 ,5356
32 ,5357
28 ,5358
1560 ,5359
1561 ,5360
4 ,5361
54 ,5362
4 ,5363
1562 ,5364
1563 ,5365
50 ,5366
2 ,5367
28 ,5368
23 ,5369
57 ,5370
15 ,5371
2 ,5372
38 ,5373
15 ,5374
20 ,5375
45 ,5376
5 ,5377
17 ,5378
1564 ,5379
2 ,5380
6 ,5381
1565 ,5382
1566 ,5383
6 ,5384
57 ,5385
50 ,5386
1567 ,5387
1568 ,5388
5 ,5389
45 ,5390
1569 ,5391
23 ,5392
1570 ,5393
23 ,5394
9 ,5395
2 ,5396
20 ,5397
1571 ,5398
1572 ,5399
28 ,5400
54 ,5401
5 ,5402
1573 ,5403
23 ,5404
1574 ,5405
15 ,5406
28 ,5407
10 ,5408
15 ,5409
28 ,5410
27 ,5411
1575 ,5412
45 ,5413
15 ,5414
35 ,5415
32 ,5416
1576 ,5417
9 ,5418
8 ,5419
22 ,5420
5 ,5421
29 ,5422
1577 ,5423
1578 ,5424
29 ,5425
50 ,5426
25 ,5427
10 ,5428
54 ,5429
1579 ,5430
123 ,5431
1580 ,5432
17 ,5433
38 ,5434
45 ,5435
45 ,5436
33 ,5437
17 ,5438
2 ,5439
1581 ,5440
57 ,5441
23 ,5442
57 ,5443
32 ,5444
22 ,5445
1582 ,5446
1583 ,5447
32 ,5448
54 ,5449
35 ,5450
28 ,5451
5 ,5452
38 ,5453
17 ,5454
12 ,5455
9 ,5456
57 ,5457
10 ,5458
5 ,5459
1584 ,5460
1585 ,5461
1586 ,5462
17 ,5463
6 ,5464
1587 ,5465
28 ,5466
23 ,5467
57 ,5468
33 ,5469
38 ,5470
38 ,5471
54 ,5472
2 ,5473
4 ,5474
32 ,5475
29 ,5476
5 ,5477
50 ,5478
33 ,5479
1588 ,5480
57 ,5481
27 ,5482
1589 ,5483
1590 ,5484
50 ,5485
33 ,5486
8 ,5487
57 ,5488
23 ,5489
32 ,5490
4 ,5491
8 ,5492
1591 ,5493
1000 ,5494
4 ,5495
5 ,5496
1592 ,5497
1593 ,5498
38 ,5499
35 ,5500
1594 ,5501
2 ,5502
17 ,5503
17 ,5504
50 ,5505
50 ,5506
15 ,5507
20 ,5508
5 ,5509
10 ,5510
17 ,5511
33 ,5512
20 ,5513
2 ,5514
1595 ,5515
50 ,5516
15 ,5517
23 ,5518
1596 ,5519
15 ,5520
27 ,5521
8 ,5522
1597 ,5523
5 ,5524
1598 ,5525
1599 ,5526
17 ,5527
35 ,5528
35 ,5529
22 ,5530
28 ,5531
1600 ,5532
17 ,5533
1601 ,5534
6 ,5535
1602 ,5536
1603 ,5537
1604 ,5538
8 ,5539
2 ,5540
25 ,5541
50 ,5542
1605 ,5543
29 ,5544
23 ,5545
22 ,5546
10 ,5547
54 ,5548
23 ,5549
5 ,5550
1606 ,5551
5 ,5552
20 ,5553
8 ,5554
4 ,5555
32 ,5556
1607 ,5557
2 ,5558
15 ,5559
57 ,5560
35 ,5561
15 ,5562
5 ,5563
27 ,5564
9 ,5565
22 ,5566
22 ,5567
1608 ,5568
25 ,5569
17 ,5570
57 ,5571
54 ,5572
57 ,5573
5 ,5574
54 ,5575
23 ,5576
1609 ,5577
1610 ,5578
54 ,5579
28 ,5580
1611 ,5581
15 ,5582
1612 ,5583
27 ,5584
1613 ,5585
1614 ,5586
9 ,5587
5 ,5588
1615 ,5589
10 ,5590
10 ,5591
1616 ,5592
1617 ,5593
28 ,5594
22 ,5595
1618 ,5596
27 ,5597
20 ,5598
32 ,5599
1619 ,5600
1620 ,5601
35 ,5602
23 ,5603
9 ,5604
50 ,5605
22 ,5606
38 ,5607
12 ,5608
1621 ,5609
15 ,5610
10 ,5611
1622 ,5612
1623 ,5613
38 ,5614
10 ,5615
1624 ,5616
10 ,5617
29 ,5618
45 ,5619
1625 ,5620
22 ,5621
54 ,5622
1626 ,5623
1627 ,5624
6 ,5625
32 ,5626
1628 ,5627
27 ,5628
4 ,5629
1629 ,5630
50 ,5631
32 ,5632
20 ,5633
27 ,5634
17 ,5635
17 ,5636
57 ,5637
204 ,5638
6 ,5639
4 ,5640
1630 ,5641
1631 ,5642
45 ,5643
27 ,5644
15 ,5645
23 ,5646
12 ,5647
2 ,5648
45 ,5649
1632 ,5650
32 ,5651
5 ,5652
22 ,5653
4 ,5654
4 ,5655
57 ,5656
28 ,5657
20 ,5658
17 ,5659
27 ,5660
54 ,5661
45 ,5662
17 ,5663
33 ,5664
23 ,5665
35 ,5666
1633 ,5667
54 ,5668
35 ,5669
1634 ,5670
20 ,5671
1635 ,5672
17 ,5673
1636 ,5674
2 ,5675
54 ,5676
54 ,5677
28 ,5678
1637 ,5679
28 ,5680
12 ,5681
22 ,5682
33 ,5683
23 ,5684
45 ,5685
50 ,5686
29 ,5687
38 ,5688
28 ,5689
4 ,5690
9 ,5691
5 ,5692
1638 ,5693
15 ,5694
25 ,5695
1639 ,5696
1640 ,5697
17 ,5698
32 ,5699
25 ,5700
22 ,5701
1641 ,5702
1642 ,5703
25 ,5704
1643 ,5705
8 ,5706
1644 ,5707
17 ,5708
28 ,5709
20 ,5710
1645 ,5711
10 ,5712
22 ,5713
38 ,5714
32 ,5715
57 ,5716
25 ,5717
2 ,5718
4 ,5719
45 ,5720
45 ,5721
22 ,5722
20 ,5723
6 ,5724
1646 ,5725
28 ,5726
1647 ,5727
25 ,5728
25 ,5729
50 ,5730
10 ,5731
5 ,5732
4 ,5733
23 ,5734
2 ,5735
50 ,5736
1636 ,5737
1648 ,5738
27 ,5739
2 ,5740
32 ,5741
22 ,5742
54 ,5743
1649 ,5744
57 ,5745
2 ,5746
1650 ,5747
28 ,5748
164 ,5749
38 ,5750
15 ,5751
1651 ,5752
1652 ,5753
1653 ,5754
45 ,5755
29 ,5756
28 ,5757
25 ,5758
27 ,5759
15 ,5760
4 ,5761
54 ,5762
1654 ,5763
12 ,5764
25 ,5765
32 ,5766
5 ,5767
17 ,5768
35 ,5769
57 ,5770
1655 ,5771
25 ,5772
6 ,5773
45 ,5774
8 ,5775
57 ,5776
57 ,5777
1656 ,5778
35 ,5779
10 ,5780
25 ,5781
20 ,5782
27 ,5783
2 ,5784
6 ,5785
1657 ,5786
28 ,5787
9 ,5788
1658 ,5789
20 ,5790
1659 ,5791
1660 ,5792
10 ,5793
57 ,5794
1661 ,5795
22 ,5796
1662 ,5797
32 ,5798
45 ,5799
23 ,5800
32 ,5801
1663 ,5802
9 ,5803
1664 ,5804
1665 ,5805
5 ,5806
1666 ,5807
45 ,5808
1667 ,5809
29 ,5810
38 ,5811
1668 ,5812
4 ,5813
25 ,5814
54 ,5815
1669 ,5816
27 ,5817
17 ,5818
8 ,5819
12 ,5820
35 ,5821
1670 ,5822
22 ,5823
38 ,5824
57 ,5825
35 ,5826
1671 ,5827
9 ,5828
25 ,5829
23 ,5830
5 ,5831
25 ,5832
22 ,5833
28 ,5834
54 ,5835
50 ,5836
28 ,5837
23 ,5838
22 ,5839
35 ,5840
1672 ,5841
1673 ,5842
1674 ,5843
1675 ,5844
4 ,5845
1676 ,5846
5 ,5847
1677 ,5848
2 ,5849
10 ,5850
57 ,5851
1678 ,5852
4 ,5853
1679 ,5854
50 ,5855
4 ,5856
10 ,5857
1680 ,5858
15 ,5859
1681 ,5860
6 ,5861
1682 ,5862
6 ,5863
298 ,5864
28 ,5865
10 ,5866
1683 ,5867
17 ,5868
10 ,5869
2 ,5870
1684 ,5871
20 ,5872
22 ,5873
38 ,5874
1685 ,5875
5 ,5876
32 ,5877
1686 ,5878
25 ,5879
5 ,5880
1687 ,5881
8 ,5882
27 ,5883
27 ,5884
22 ,5885
1688 ,5886
27 ,5887
1689 ,5888
1690 ,5889
9 ,5890
1691 ,5891
33 ,5892
1692 ,5893
1693 ,5894
25 ,5895
1694 ,5896
9 ,5897
1695 ,5898
12 ,5899
22 ,5900
57 ,5901
33 ,5902
35 ,5903
15 ,5904
8 ,5905
45 ,5906
1696 ,5907
1697 ,5908
54 ,5909
8 ,5910
1698 ,5911
33 ,5912
32 ,5913
10 ,5914
22 ,5915
23 ,5916
9 ,5917
33 ,5918
9 ,5919
1699 ,5920
8 ,5921
1700 ,5922
2 ,5923
515 ,5924
12 ,5925
54 ,5926
1701 ,5927
1702 ,5928
6 ,5929
22 ,5930
17 ,5931
1703 ,5932
1704 ,5933
1705 ,5934
1706 ,5935
15 ,5936
17 ,5937
15 ,5938
25 ,5939
1707 ,5940
8 ,5941
15 ,5942
29 ,5943
27 ,5944
29 ,5945
29 ,5946
1708 ,5947
23 ,5948
1709 ,5949
10 ,5950
1710 ,5951
12 ,5952
1711 ,5953
1712 ,5954
22 ,5955
54 ,5956
35 ,5957
33 ,5958
8 ,5959
1713 ,5960
5 ,5961
6 ,5962
27 ,5963
95 ,5964
22 ,5965
12 ,5966
54 ,5967
4 ,5968
1714 ,5969
2 ,5970
1715 ,5971
27 ,5972
29 ,5973
1716 ,5974
29 ,5975
1717 ,5976
10 ,5977
1718 ,5978
15 ,5979
38 ,5980
20 ,5981
28 ,5982
9 ,5983
1719 ,5984
1720 ,5985
32 ,5986
27 ,5987
32 ,5988
1721 ,5989
1722 ,5990
32 ,5991
12 ,5992
20 ,5993
1723 ,5994
25 ,5995
1724 ,5996
1725 ,5997
1726 ,5998
23 ,5999
54 ,6000
1727 ,6001
33 ,6002
1728 ,6003
17 ,6004
4 ,6005
38 ,6006
22 ,6007
38 ,6008
8 ,6009
1729 ,6010
1730 ,6011
1731 ,6012
45 ,6013
17 ,6014
25 ,6015
57 ,6016
4 ,6017
2 ,6018
15 ,6019
9 ,6020
5 ,6021
25 ,6022
32 ,6023
25 ,6024
1732 ,6025
1733 ,6026
45 ,6027
35 ,6028
27 ,6029
27 ,6030
20 ,6031
54 ,6032
32 ,6033
29 ,6034
9 ,6035
4 ,6036
12 ,6037
4 ,6038
27 ,6039
1734 ,6040
29 ,6041
1735 ,6042
20 ,6043
10 ,6044
5 ,6045
17 ,6046
38 ,6047
1736 ,6048
27 ,6049
25 ,6050
1737 ,6051
1738 ,6052
20 ,6053
2 ,6054
23 ,6055
22 ,6056
1739 ,6057
1740 ,6058
50 ,6059
33 ,6060
25 ,6061
298 ,6062
33 ,6063
27 ,6064
50 ,6065
28 ,6066
12 ,6067
1741 ,6068
35 ,6069
50 ,6070
25 ,6071
1742 ,6072
4 ,6073
28 ,6074
10 ,6075
2 ,6076
10 ,6077
9 ,6078
12 ,6079
1743 ,6080
2 ,6081
28 ,6082
28 ,6083
1744 ,6084
38 ,6085
10 ,6086
45 ,6087
20 ,6088
8 ,6089
57 ,6090
29 ,6091
1745 ,6092
50 ,6093
23 ,6094
8 ,6095
25 ,6096
35 ,6097
8 ,6098
50 ,6099
17 ,6100
420 ,6101
27 ,6102
1746 ,6103
1747 ,6104
25 ,6105
1748 ,6106
20 ,6107
57 ,6108
50 ,6109
1749 ,6110
6 ,6111
38 ,6112
5 ,6113
1750 ,6114
33 ,6115
1751 ,6116
1752 ,6117
1753 ,6118
6 ,6119
12 ,6120
50 ,6121
9 ,6122
6 ,6123
12 ,6124
1754 ,6125
1755 ,6126
1756 ,6127
1757 ,6128
1758 ,6129
1759 ,6130
9 ,6131
27 ,6132
25 ,6133
33 ,6134
20 ,6135
1760 ,6136
10 ,6137
5 ,6138
8 ,6139
23 ,6140
1761 ,6141
2 ,6142
17 ,6143
57 ,6144
1762 ,6145
4 ,6146
5 ,6147
1763 ,6148
38 ,6149
17 ,6150
1764 ,6151
32 ,6152
33 ,6153
15 ,6154
25 ,6155
8 ,6156
8 ,6157
1765 ,6158
57 ,6159
17 ,6160
1766 ,6161
22 ,6162
35 ,6163
28 ,6164
5 ,6165
32 ,6166
50 ,6167
8 ,6168
6 ,6169
23 ,6170
2 ,6171
17 ,6172
54 ,6173
4 ,6174
54 ,6175
38 ,6176
1767 ,6177
12 ,6178
1768 ,6179
6 ,6180
4 ,6181
1769 ,6182
15 ,6183
1770 ,6184
17 ,6185
57 ,6186
1771 ,6187
1772 ,6188
9 ,6189
1773 ,6190
1774 ,6191
33 ,6192
27 ,6193
6 ,6194
565 ,6195
57 ,6196
1775 ,6197
17 ,6198
4 ,6199
23 ,6200
1776 ,6201
32 ,6202
1777 ,6203
20 ,6204
23 ,6205
32 ,6206
10 ,6207
15 ,6208
57 ,6209
45 ,6210
12 ,6211
15 ,6212
1778 ,6213
1779 ,6214
1780 ,6215
9 ,6216
50 ,6217
17 ,6218
1781 ,6219
10 ,6220
1782 ,6221
1783 ,6222
29 ,6223
29 ,6224
25 ,6225
54 ,6226
29 ,6227
5 ,6228
22 ,6229
1784 ,6230
23 ,6231
1785 ,6232
57 ,6233
29 ,6234
1786 ,6235
4 ,6236
1787 ,6237
1788 ,6238
1789 ,6239
27 ,6240
1790 ,6241
4 ,6242
1791 ,6243
29 ,6244
6 ,6245
1792 ,6246
10 ,6247
1793 ,6248
1794 ,6249
22 ,6250
2 ,6251
32 ,6252
1795 ,6253
54 ,6254
25 ,6255
1796 ,6256
4 ,6257
57 ,6258
1797 ,6259
22 ,6260
1798 ,6261
20 ,6262
22 ,6263
32 ,6264
27 ,6265
32 ,6266
57 ,6267
20 ,6268
1799 ,6269
1800 ,6270
9 ,6271
1801 ,6272
25 ,6273
50 ,6274
57 ,6275
33 ,6276
33 ,6277
1802 ,6278
28 ,6279
25 ,6280
1803 ,6281
29 ,6282
1804 ,6283
6 ,6284
17 ,6285
1805 ,6286
28 ,6287
1806 ,6288
35 ,6289
1807 ,6290
57 ,6291
1808 ,6292
25 ,6293
32 ,6294
1809 ,6295
1810 ,6296
50 ,6297
1811 ,6298
50 ,6299
23 ,6300
22 ,6301
35 ,6302
54 ,6303
1812 ,6304
32 ,6305
15 ,6306
9 ,6307
20 ,6308
25 ,6309
35 ,6310
15 ,6311
20 ,6312
1813 ,6313
1814 ,6314
1815 ,6315
1816 ,6316
29 ,6317
38 ,6318
22 ,6319
15 ,6320
50 ,6321
1817 ,6322
252 ,6323
17 ,6324
5 ,6325
45 ,6326
22 ,6327
38 ,6328
1818 ,6329
15 ,6330
5 ,6331
38 ,6332
9 ,6333
12 ,6334
28 ,6335
27 ,6336
9 ,6337
1819 ,6338
1820 ,6339
57 ,6340
25 ,6341
45 ,6342
33 ,6343
1821 ,6344
57 ,6345
50 ,6346
32 ,6347
54 ,6348
8 ,6349
15 ,6350
29 ,6351
28 ,6352
28 ,6353
20 ,6354
1822 ,6355
27 ,6356
1823 ,6357
4 ,6358
54 ,6359
4 ,6360
57 ,6361
6 ,6362
23 ,6363
6 ,6364
27 ,6365
22 ,6366
1824 ,6367
6 ,6368
8 ,6369
50 ,6370
1825 ,6371
20 ,6372
29 ,6373
54 ,6374
20 ,6375
1826 ,6376
1827 ,6377
45 ,6378
45 ,6379
17 ,6380
45 ,6381
4 ,6382
1828 ,6383
45 ,6384
8 ,6385
2 ,6386
4 ,6387
12 ,6388
23 ,6389
32 ,6390
1829 ,6391
29 ,6392
27 ,6393
1830 ,6394
35 ,6395
5 ,6396
54 ,6397
29 ,6398
5 ,6399
1831 ,6400
27 ,6401
54 ,6402
1832 ,6403
9 ,6404
93 ,6405
1833 ,6406
5 ,6407
22 ,6408
5 ,6409
15 ,6410
2 ,6411
23 ,6412
1834 ,6413
38 ,6414
2 ,6415
22 ,6416
23 ,6417
5 ,6418
6 ,6419
10 ,6420
33 ,6421
28 ,6422
5 ,6423
1835 ,6424
1836 ,6425
12 ,6426
1837 ,6427
9 ,6428
25 ,6429
1838 ,6430
10 ,6431
5 ,6432
1839 ,6433
17 ,6434
50 ,6435
22 ,6436
1840 ,6437
25 ,6438
1841 ,6439
12 ,6440
6 ,6441
20 ,6442
38 ,6443
8 ,6444
12 ,6445
33 ,6446
10 ,6447
17 ,6448
1557 ,6449
1842 ,6450
1843 ,6451
33 ,6452
1844 ,6453
4 ,6454
33 ,6455
1845 ,6456
1846 ,6457
23 ,6458
1847 ,6459
4 ,6460
23 ,6461
28 ,6462
50 ,6463
1848 ,6464
1849 ,6465
6 ,6466
1850 ,6467
1851 ,6468
28 ,6469
1852 ,6470
22 ,6471
15 ,6472
1853 ,6473
1854 ,6474
12 ,6475
2 ,6476
1855 ,6477
50 ,6478
1856 ,6479
1857 ,6480
1858 ,6481
1859 ,6482
35 ,6483
20 ,6484
9 ,6485
35 ,6486
1860 ,6487
2 ,6488
54 ,6489
29 ,6490
1861 ,6491
1862 ,6492
1863 ,6493
1864 ,6494
1865 ,6495
1866 ,6496
45 ,6497
57 ,6498
25 ,6499
28 ,6500
10 ,6501
8 ,6502
20 ,6503
22 ,6504
45 ,6505
1867 ,6506
1868 ,6507
20 ,6508
22 ,6509
33 ,6510
12 ,6511
5 ,6512
15 ,6513
35 ,6514
38 ,6515
1869 ,6516
1870 ,6517
20 ,6518
38 ,6519
54 ,6520
50 ,6521
1871 ,6522
5 ,6523
38 ,6524
28 ,6525
54 ,6526
1872 ,6527
38 ,6528
1873 ,6529
1874 ,6530
6 ,6531
35 ,6532
15 ,6533
1875 ,6534
1876 ,6535
15 ,6536
45 ,6537
2 ,6538
25 ,6539
57 ,6540
4 ,6541
22 ,6542
1877 ,6543
57 ,6544
9 ,6545
33 ,6546
45 ,6547
54 ,6548
1878 ,6549
1879 ,6550
23 ,6551
12 ,6552
35 ,6553
1880 ,6554
33 ,6555
8 ,6556
35 ,6557
8 ,6558
1881 ,6559
8 ,6560
1882 ,6561
38 ,6562
1883 ,6563
4 ,6564
10 ,6565
12 ,6566
1884 ,6567
1885 ,6568
45 ,6569
4 ,6570
1886 ,6571
22 ,6572
54 ,6573
1887 ,6574
29 ,6575
57 ,6576
10 ,6577
10 ,6578
1888 ,6579
9 ,6580
4 ,6581
35 ,6582
12 ,6583
1889 ,6584
1890 ,6585
15 ,6586
57 ,6587
1891 ,6588
29 ,6589
27 ,6590
23 ,6591
20 ,6592
27 ,6593
27 ,6594
29 ,6595
45 ,6596
1892 ,6597
45 ,6598
38 ,6599
27 ,6600
1893 ,6601
27 ,6602
1894 ,6603
25 ,6604
1895 ,6605
2 ,6606
50 ,6607
1896 ,6608
10 ,6609
10 ,6610
45 ,6611
10 ,6612
1897 ,6613
4 ,6614
1898 ,6615
1899 ,6616
1900 ,6617
27 ,6618
22 ,6619
1901 ,6620
12 ,6621
9 ,6622
1902 ,6623
1903 ,6624
10 ,6625
1904 ,6626
1905 ,6627
32 ,6628
1906 ,6629
35 ,6630
6 ,6631
38 ,6632
22 ,6633
25 ,6634
8 ,6635
12 ,6636
28 ,6637
23 ,6638
8 ,6639
8 ,6640
1907 ,6641
1908 ,6642
32 ,6643
32 ,6644
1909 ,6645
38 ,6646
1910 ,6647
57 ,6648
2 ,6649
15 ,6650
23 ,6651
1911 ,6652
35 ,6653
4 ,6654
5 ,6655
25 ,6656
1912 ,6657
1913 ,6658
50 ,6659
1914 ,6660
1915 ,6661
5 ,6662
1916 ,6663
1917 ,6664
50 ,6665
15 ,6666
45 ,6667
6 ,6668
50 ,6669
29 ,6670
1918 ,6671
1919 ,6672
32 ,6673
29 ,6674
5 ,6675
57 ,6676
549 ,6677
1920 ,6678
23 ,6679
1921 ,6680
5 ,6681
45 ,6682
57 ,6683
1922 ,6684
23 ,6685
17 ,6686
35 ,6687
416 ,6688
1923 ,6689
28 ,6690
10 ,6691
6 ,6692
45 ,6693
57 ,6694
29 ,6695
9 ,6696
4 ,6697
6 ,6698
1924 ,6699
54 ,6700
6 ,6701
6 ,6702
1925 ,6703
9 ,6704
45 ,6705
1926 ,6706
32 ,6707
17 ,6708
2 ,6709
5 ,6710
1927 ,6711
4 ,6712
29 ,6713
27 ,6714
38 ,6715
32 ,6716
9 ,6717
1928 ,6718
22 ,6719
1929 ,6720
23 ,6721
12 ,6722
1930 ,6723
29 ,6724
1931 ,6725
1932 ,6726
29 ,6727
50 ,6728
4 ,6729
1933 ,6730
5 ,6731
15 ,6732
33 ,6733
6 ,6734
1934 ,6735
1935 ,6736
45 ,6737
20 ,6738
1936 ,6739
4 ,6740
1937 ,6741
5 ,6742
33 ,6743
23 ,6744
1938 ,6745
33 ,6746
1939 ,6747
1940 ,6748
8 ,6749
20 ,6750
25 ,6751
25 ,6752
1941 ,6753
6 ,6754
1942 ,6755
1943 ,6756
45 ,6757
10 ,6758
57 ,6759
25 ,6760
50 ,6761
32 ,6762
32 ,6763
1944 ,6764
20 ,6765
35 ,6766
45 ,6767
23 ,6768
1945 ,6769
8 ,6770
29 ,6771
29 ,6772
10 ,6773
25 ,6774
10 ,6775
29 ,6776
1946 ,6777
5 ,6778
23 ,6779
20 ,6780
1947 ,6781
1948 ,6782
27 ,6783
32 ,6784
1949 ,6785
54 ,6786
29 ,6787
1950 ,6788
1951 ,6789
32 ,6790
1952 ,6791
15 ,6792
25 ,6793
1953 ,6794
1954 ,6795
1955 ,6796
32 ,6797
1956 ,6798
25 ,6799
45 ,6800
1957 ,6801
20 ,6802
1958 ,6803
38 ,6804
35 ,6805
17 ,6806
17 ,6807
50 ,6808
15 ,6809
6 ,6810
20 ,6811
57 ,6812
2 ,6813
33 ,6814
38 ,6815
23 ,6816
333 ,6817
33 ,6818
1959 ,6819
35 ,6820
6 ,6821
1960 ,6822
32 ,6823
45 ,6824
45 ,6825
1961 ,6826
6 ,6827
38 ,6828
1962 ,6829
15 ,6830
1963 ,6831
10 ,6832
25 ,6833
12 ,6834
28 ,6835
1964 ,6836
33 ,6837
27 ,6838
1965 ,6839
1966 ,6840
4 ,6841
20 ,6842
1967 ,6843
1968 ,6844
17 ,6845
1969 ,6846
1970 ,6847
25 ,6848
1971 ,6849
4 ,6850
1972 ,6851
5 ,6852
1973 ,6853
2 ,6854
15 ,6855
25 ,6856
8 ,6857
50 ,6858
2 ,6859
1974 ,6860
50 ,6861
1975 ,6862
50 ,6863
22 ,6864
1976 ,6865
15 ,6866
1977 ,6867
33 ,6868
35 ,6869
2 ,6870
12 ,6871
50 ,6872
1978 ,6873
29 ,6874
57 ,6875
1979 ,6876
1980 ,6877
1981 ,6878
20 ,6879
1982 ,6880
12 ,6881
15 ,6882
1983 ,6883
10 ,6884
1984 ,6885
5 ,6886
25 ,6887
54 ,6888
1985 ,6889
6 ,6890
57 ,6891
45 ,6892
33 ,6893
123 ,6894
25 ,6895
1107 ,6896
8 ,6897
22 ,6898
6 ,6899
4 ,6900
23 ,6901
8 ,6902
1986 ,6903
8 ,6904
35 ,6905
1987 ,6906
1988 ,6907
15 ,6908
1989 ,6909
38 ,6910
23 ,6911
10 ,6912
23 ,6913
25 ,6914
1990 ,6915
10 ,6916
1991 ,6917
8 ,6918
1992 ,6919
28 ,6920
28 ,6921
23 ,6922
5 ,6923
28 ,6924
45 ,6925
1993 ,6926
20 ,6927
32 ,6928
1994 ,6929
32 ,6930
32 ,6931
1995 ,6932
23 ,6933
1996 ,6934
9 ,6935
12 ,6936
17 ,6937
2 ,6938
45 ,6939
1997 ,6940
25 ,6941
20 ,6942
1998 ,6943
29 ,6944
4 ,6945
50 ,6946
17 ,6947
22 ,6948
1999 ,6949
32 ,6950
2000 ,6951
2001 ,6952
2002 ,6953
28 ,6954
35 ,6955
29 ,6956
9 ,6957
2003 ,6958
22 ,6959
6 ,6960
50 ,6961
2004 ,6962
2005 ,6963
637 ,6964
2006 ,6965
823 ,6966
45 ,6967
2 ,6968
25 ,6969
27 ,6970
2007 ,6971
25 ,6972
38 ,6973
20 ,6974
2008 ,6975
28 ,6976
2009 ,6977
20 ,6978
2 ,6979
22 ,6980
23 ,6981
38 ,6982
6 ,6983
10 ,6984
2010 ,6985
32 ,6986
5 ,6987
33 ,6988
17 ,6989
2011 ,6990
32 ,6991
25 ,6992
23 ,6993
2012 ,6994
28 ,6995
45 ,6996
17 ,6997
2013 ,6998
45 ,6999
38 ,7000
2014 ,7001
45 ,7002
22 ,7003
2015 ,7004
22 ,7005
2016 ,7006
2017 ,7007
2018 ,7008
6 ,7009
15 ,7010
17 ,7011
28 ,7012
2019 ,7013
2020 ,7014
2 ,7015
20 ,7016
6 ,7017
57 ,7018
54 ,7019
32 ,7020
2021 ,7021
8 ,7022
2 ,7023
22 ,7024
38 ,7025
2022 ,7026
57 ,7027
29 ,7028
9 ,7029
17 ,7030
27 ,7031
32 ,7032
4 ,7033
2023 ,7034
49 ,7035
2 ,7036
2024 ,7037
2025 ,7038
9 ,7039
17 ,7040
2026 ,7041
57 ,7042
2027 ,7043
2 ,7044
2028 ,7045
2 ,7046
2029 ,7047
9 ,7048
1385 ,7049
29 ,7050
35 ,7051
5 ,7052
12 ,7053
45 ,7054
4 ,7055
5 ,7056
2030 ,7057
17 ,7058
15 ,7059
2031 ,7060
45 ,7061
12 ,7062
35 ,7063
2032 ,7064
4 ,7065
57 ,7066
420 ,7067
2033 ,7068
33 ,7069
2034 ,7070
2035 ,7071
50 ,7072
35 ,7073
2036 ,7074
5 ,7075
2037 ,7076
5 ,7077
35 ,7078
2038 ,7079
57 ,7080
32 ,7081
25 ,7082
25 ,7083
54 ,7084
9 ,7085
20 ,7086
4 ,7087
8 ,7088
2039 ,7089
57 ,7090
4 ,7091
15 ,7092
57 ,7093
57 ,7094
15 ,7095
2040 ,7096
6 ,7097
50 ,7098
9 ,7099
2041 ,7100
20 ,7101
57 ,7102
17 ,7103
8 ,7104
9 ,7105
22 ,7106
2042 ,7107
6 ,7108
28 ,7109
2043 ,7110
35 ,7111
2044 ,7112
4 ,7113
54 ,7114
15 ,7115
45 ,7116
2045 ,7117
2046 ,7118
35 ,7119
28 ,7120
2047 ,7121
2048 ,7122
12 ,7123
2049 ,7124
2050 ,7125
2051 ,7126
45 ,7127
2052 ,7128
22 ,7129
10 ,7130
2053 ,7131
50 ,7132
29 ,7133
8 ,7134
50 ,7135
2054 ,7136
38 ,7137
9 ,7138
23 ,7139
2055 ,7140
2056 ,7141
45 ,7142
10 ,7143
54 ,7144
15 ,7145
50 ,7146
50 ,7147
38 ,7148
2057 ,7149
23 ,7150
8 ,7151
5 ,7152
27 ,7153
2058 ,7154
35 ,7155
23 ,7156
2059 ,7157
32 ,7158
57 ,7159
2060 ,7160
2061 ,7161
54 ,7162
15 ,7163
12 ,7164
23 ,7165
15 ,7166
2062 ,7167
12 ,7168
2063 ,7169
54 ,7170
54 ,7171
17 ,7172
2 ,7173
10 ,7174
8 ,7175
23 ,7176
2064 ,7177
2065 ,7178
22 ,7179
8 ,7180
33 ,7181
12 ,7182
2066 ,7183
27 ,7184
17 ,7185
8 ,7186
4 ,7187
57 ,7188
38 ,7189
2067 ,7190
2068 ,7191
12 ,7192
2069 ,7193
38 ,7194
28 ,7195
23 ,7196
35 ,7197
35 ,7198
2070 ,7199
6 ,7200
17 ,7201
6 ,7202
15 ,7203
2071 ,7204
33 ,7205
15 ,7206
2072 ,7207
4 ,7208
12 ,7209
2073 ,7210
20 ,7211
27 ,7212
54 ,7213
27 ,7214
9 ,7215
2074 ,7216
23 ,7217
15 ,7218
54 ,7219
33 ,7220
20 ,7221
5 ,7222
9 ,7223
29 ,7224
23 ,7225
5 ,7226
2075 ,7227
2076 ,7228
2077 ,7229
10 ,7230
28 ,7231
17 ,7232
5 ,7233
2078 ,7234
10 ,7235
10 ,7236
2079 ,7237
2080 ,7238
57 ,7239
28 ,7240
33 ,7241
23 ,7242
27 ,7243
29 ,7244
5 ,7245
4 ,7246
8 ,7247
25 ,7248
4 ,7249
2081 ,7250
15 ,7251
2082 ,7252
57 ,7253
27 ,7254
45 ,7255
33 ,7256
28 ,7257
9 ,7258
9 ,7259
2083 ,7260
45 ,7261
6 ,7262
54 ,7263
17 ,7264
35 ,7265
25 ,7266
2084 ,7267
20 ,7268
50 ,7269
54 ,7270
5 ,7271
9 ,7272
27 ,7273
2085 ,7274
2086 ,7275
2087 ,7276
8 ,7277
50 ,7278
2088 ,7279
35 ,7280
27 ,7281
2089 ,7282
25 ,7283
2 ,7284
2090 ,7285
2091 ,7286
22 ,7287
35 ,7288
2092 ,7289
2093 ,7290
8 ,7291
29 ,7292
2094 ,7293
2 ,7294
2095 ,7295
45 ,7296
29 ,7297
5 ,7298
2096 ,7299
38 ,7300
29 ,7301
25 ,7302
9 ,7303
50 ,7304
29 ,7305
29 ,7306
2 ,7307
2097 ,7308
2098 ,7309
2099 ,7310
2100 ,7311
45 ,7312
2101 ,7313
17 ,7314
2102 ,7315
4 ,7316
33 ,7317
2103 ,7318
2104 ,7319
25 ,7320
12 ,7321
50 ,7322
8 ,7323
2105 ,7324
2106 ,7325
2107 ,7326
2108 ,7327
9 ,7328
2109 ,7329
8 ,7330
2110 ,7331
4 ,7332
33 ,7333
54 ,7334
17 ,7335
57 ,7336
2 ,7337
12 ,7338
2111 ,7339
2112 ,7340
17 ,7341
2113 ,7342
2114 ,7343
12 ,7344
20 ,7345
38 ,7346
12 ,7347
10 ,7348
2115 ,7349
6 ,7350
5 ,7351
2116 ,7352
2117 ,7353
2118 ,7354
2119 ,7355
2120 ,7356
28 ,7357
38 ,7358
54 ,7359
15 ,7360
10 ,7361
9 ,7362
29 ,7363
29 ,7364
50 ,7365
12 ,7366
33 ,7367
6 ,7368
2121 ,7369
45 ,7370
2122 ,7371
28 ,7372
35 ,7373
2123 ,7374
8 ,7375
8 ,7376
2 ,7377
2124 ,7378
35 ,7379
27 ,7380
2125 ,7381
45 ,7382
10 ,7383
2126 ,7384
2127 ,7385
15 ,7386
45 ,7387
27 ,7388
38 ,7389
9 ,7390
57 ,7391
9 ,7392
8 ,7393
2128 ,7394
35 ,7395
15 ,7396
54 ,7397
50 ,7398
5 ,7399
2129 ,7400
25 ,7401
50 ,7402
38 ,7403
8 ,7404
5 ,7405
12 ,7406
28 ,7407
2130 ,7408
32 ,7409
23 ,7410
25 ,7411
28 ,7412
2131 ,7413
29 ,7414
5 ,7415
2132 ,7416
2133 ,7417
23 ,7418
2134 ,7419
10 ,7420
38 ,7421
33 ,7422
5 ,7423
33 ,7424
38 ,7425
50 ,7426
2135 ,7427
147 ,7428
12 ,7429
10 ,7430
2136 ,7431
2 ,7432
5 ,7433
2137 ,7434
27 ,7435
15 ,7436
20 ,7437
2138 ,7438
2139 ,7439
38 ,7440
45 ,7441
2140 ,7442
2141 ,7443
15 ,7444
2142 ,7445
2143 ,7446
2144 ,7447
50 ,7448
12 ,7449
2145 ,7450
2146 ,7451
32 ,7452
57 ,7453
22 ,7454
2147 ,7455
54 ,7456
2148 ,7457
50 ,7458
2149 ,7459
50 ,7460
57 ,7461
32 ,7462
10 ,7463
23 ,7464
2150 ,7465
15 ,7466
9 ,7467
2151 ,7468
2 ,7469
38 ,7470
2152 ,7471
2153 ,7472
2154 ,7473
38 ,7474
2 ,7475
10 ,7476
2155 ,7477
28 ,7478
28 ,7479
33 ,7480
5 ,7481
6 ,7482
8 ,7483
54 ,7484
33 ,7485
33 ,7486
2 ,7487
2156 ,7488
57 ,7489
28 ,7490
45 ,7491
2157 ,7492
20 ,7493
45 ,7494
2158 ,7495
4 ,7496
45 ,7497
2159 ,7498
38 ,7499
22 ,7500
32 ,7501
20 ,7502
2160 ,7503
5 ,7504
2 ,7505
2 ,7506
9 ,7507
4 ,7508
2161 ,7509
27 ,7510
2162 ,7511
5 ,7512
22 ,7513
8 ,7514
2163 ,7515
10 ,7516
45 ,7517
2164 ,7518
27 ,7519
6 ,7520
2165 ,7521
57 ,7522
45 ,7523
2166 ,7524
12 ,7525
32 ,7526
9 ,7527
2167 ,7528
4 ,7529
2168 ,7530
57 ,7531
45 ,7532
25 ,7533
6 ,7534
28 ,7535
50 ,7536
33 ,7537
17 ,7538
25 ,7539
2169 ,7540
15 ,7541
2170 ,7542
28 ,7543
2171 ,7544
8 ,7545
29 ,7546
2 ,7547
28 ,7548
22 ,7549
2172 ,7550
12 ,7551
35 ,7552
9 ,7553
5 ,7554
2173 ,7555
28 ,7556
5 ,7557
12 ,7558
54 ,7559
2174 ,7560
50 ,7561
2175 ,7562
17 ,7563
20 ,7564
2176 ,7565
25 ,7566
9 ,7567
2177 ,7568
17 ,7569
38 ,7570
8 ,7571
2178 ,7572
17 ,7573
23 ,7574
57 ,7575
35 ,7576
2179 ,7577
38 ,7578
45 ,7579
8 ,7580
12 ,7581
57 ,7582
28 ,7583
20 ,7584
10 ,7585
25 ,7586
33 ,7587
20 ,7588
50 ,7589
10 ,7590
2180 ,7591
57 ,7592
32 ,7593
2181 ,7594
32 ,7595
2182 ,7596
57 ,7597
2183 ,7598
32 ,7599
57 ,7600
45 ,7601
2184 ,7602
2 ,7603
2185 ,7604
29 ,7605
2186 ,7606
23 ,7607
22 ,7608
8 ,7609
29 ,7610
2187 ,7611
8 ,7612
2188 ,7613
12 ,7614
27 ,7615
2189 ,7616
2190 ,7617
2191 ,7618
2192 ,7619
2193 ,7620
54 ,7621
20 ,7622
2194 ,7623
33 ,7624
28 ,7625
2195 ,7626
12 ,7627
23 ,7628
10 ,7629
22 ,7630
23 ,7631
2196 ,7632
5 ,7633
9 ,7634
8 ,7635
29 ,7636
9 ,7637
57 ,7638
4 ,7639
2197 ,7640
8 ,7641
2198 ,7642
17 ,7643
2199 ,7644
29 ,7645
20 ,7646
38 ,7647
25 ,7648
22 ,7649
25 ,7650
28 ,7651
2200 ,7652
786 ,7653
2201 ,7654
20 ,7655
2202 ,7656
33 ,7657
2203 ,7658
2204 ,7659
35 ,7660
29 ,7661
2205 ,7662
2206 ,7663
6 ,7664
2207 ,7665
2208 ,7666
29 ,7667
45 ,7668
28 ,7669
38 ,7670
57 ,7671
2209 ,7672
2210 ,7673
2211 ,7674
2212 ,7675
2213 ,7676
54 ,7677
22 ,7678
5 ,7679
25 ,7680
2214 ,7681
2215 ,7682
29 ,7683
2216 ,7684
27 ,7685
45 ,7686
12 ,7687
28 ,7688
22 ,7689
2217 ,7690
2 ,7691
2218 ,7692
27 ,7693
22 ,7694
10 ,7695
2219 ,7696
57 ,7697
27 ,7698
27 ,7699
57 ,7700
2220 ,7701
22 ,7702
10 ,7703
2221 ,7704
8 ,7705
28 ,7706
10 ,7707
12 ,7708
23 ,7709
2222 ,7710
12 ,7711
54 ,7712
54 ,7713
2223 ,7714
54 ,7715
32 ,7716
6 ,7717
17 ,7718
33 ,7719
2224 ,7720
15 ,7721
2225 ,7722
29 ,7723
5 ,7724
57 ,7725
32 ,7726
23 ,7727
27 ,7728
2226 ,7729
2227 ,7730
2228 ,7731
38 ,7732
27 ,7733
57 ,7734
2229 ,7735
27 ,7736
8 ,7737
2 ,7738
2230 ,7739
12 ,7740
2 ,7741
2231 ,7742
4 ,7743
4 ,7744
5 ,7745
29 ,7746
2232 ,7747
2233 ,7748
12 ,7749
25 ,7750
9 ,7751
2234 ,7752
35 ,7753
2235 ,7754
15 ,7755
38 ,7756
2236 ,7757
2237 ,7758
2 ,7759
50 ,7760
2238 ,7761
17 ,7762
4 ,7763
8 ,7764
2239 ,7765
10 ,7766
2240 ,7767
10 ,7768
38 ,7769
2241 ,7770
2242 ,7771
2243 ,7772
2244 ,7773
17 ,7774
17 ,7775
2 ,7776
2245 ,7777
33 ,7778
38 ,7779
6 ,7780
4 ,7781
2246 ,7782
9 ,7783
9 ,7784
4 ,7785
6 ,7786
35 ,7787
2247 ,7788
50 ,7789
2248 ,7790
33 ,7791
4 ,7792
8 ,7793
28 ,7794
6 ,7795
147 ,7796
32 ,7797
38 ,7798
2249 ,7799
2250 ,7800
2251 ,7801
15 ,7802
2252 ,7803
2253 ,7804
2254 ,7805
15 ,7806
15 ,7807
33 ,7808
17 ,7809
2255 ,7810
27 ,7811
5 ,7812
10 ,7813
2256 ,7814
2257 ,7815
54 ,7816
6 ,7817
50 ,7818
15 ,7819
33 ,7820
2258 ,7821
9 ,7822
15 ,7823
27 ,7824
10 ,7825
22 ,7826
2259 ,7827
2260 ,7828
9 ,7829
29 ,7830
2261 ,7831
2262 ,7832
17 ,7833
2263 ,7834
20 ,7835
17 ,7836
5 ,7837
5 ,7838
2264 ,7839
786 ,7840
57 ,7841
23 ,7842
2265 ,7843
22 ,7844
2266 ,7845
2267 ,7846
45 ,7847
22 ,7848
28 ,7849
2 ,7850
28 ,7851
20 ,7852
2268 ,7853
9 ,7854
25 ,7855
35 ,7856
6 ,7857
57 ,7858
17 ,7859
9 ,7860
6 ,7861
2269 ,7862
5 ,7863
8 ,7864
2270 ,7865
2271 ,7866
27 ,7867
9 ,7868
2272 ,7869
50 ,7870
38 ,7871
57 ,7872
5 ,7873
50 ,7874
54 ,7875
20 ,7876
5 ,7877
9 ,7878
20 ,7879
2273 ,7880
2274 ,7881
33 ,7882
2275 ,7883
2 ,7884
50 ,7885
5 ,7886
2276 ,7887
33 ,7888
45 ,7889
20 ,7890
33 ,7891
2277 ,7892
15 ,7893
57 ,7894
2278 ,7895
45 ,7896
25 ,7897
2279 ,7898
2280 ,7899
35 ,7900
2281 ,7901
35 ,7902
9 ,7903
22 ,7904
2 ,7905
2282 ,7906
4 ,7907
54 ,7908
45 ,7909
29 ,7910
110 ,7911
17 ,7912
110 ,7913
33 ,7914
2283 ,7915
5 ,7916
35 ,7917
2284 ,7918
2285 ,7919
15 ,7920
17 ,7921
2286 ,7922
17 ,7923
32 ,7924
2 ,7925
50 ,7926
8 ,7927
23 ,7928
8 ,7929
25 ,7930
27 ,7931
12 ,7932
2287 ,7933
2288 ,7934
2289 ,7935
32 ,7936
29 ,7937
29 ,7938
54 ,7939
2290 ,7940
10 ,7941
25 ,7942
20 ,7943
8 ,7944
20 ,7945
12 ,7946
6 ,7947
8 ,7948
15 ,7949
2291 ,7950
25 ,7951
20 ,7952
20 ,7953
2292 ,7954
57 ,7955
57 ,7956
50 ,7957
32 ,7958
9 ,7959
8 ,7960
2293 ,7961
2294 ,7962
17 ,7963
23 ,7964
50 ,7965
2295 ,7966
2296 ,7967
50 ,7968
23 ,7969
38 ,7970
22 ,7971
54 ,7972
38 ,7973
33 ,7974
2297 ,7975
2298 ,7976
2299 ,7977
6 ,7978
2300 ,7979
2301 ,7980
29 ,7981
4 ,7982
9 ,7983
6 ,7984
17 ,7985
32 ,7986
50 ,7987
9 ,7988
29 ,7989
22 ,7990
9 ,7991
17 ,7992
2302 ,7993
2303 ,7994
8 ,7995
2304 ,7996
8 ,7997
2305 ,7998
2306 ,7999
2307 ,8000
23 ,8001
23 ,8002
28 ,8003
32 ,8004
32 ,8005
2308 ,8006
33 ,8007
8 ,8008
2309 ,8009
32 ,8010
28 ,8011
2310 ,8012
2311 ,8013
8 ,8014
2312 ,8015
27 ,8016
2 ,8017
54 ,8018
6 ,8019
33 ,8020
27 ,8021
25 ,8022
27 ,8023
32 ,8024
2313 ,8025
38 ,8026
2314 ,8027
9 ,8028
2315 ,8029
45 ,8030
5 ,8031
2316 ,8032
2317 ,8033
15 ,8034
15 ,8035
27 ,8036
2318 ,8037
10 ,8038
22 ,8039
5 ,8040
22 ,8041
27 ,8042
8 ,8043
35 ,8044
5 ,8045
23 ,8046
12 ,8047
2319 ,8048
10 ,8049
2320 ,8050
33 ,8051
33 ,8052
2321 ,8053
54 ,8054
45 ,8055
1388 ,8056
2322 ,8057
28 ,8058
38 ,8059
17 ,8060
8 ,8061
20 ,8062
12 ,8063
54 ,8064
12 ,8065
12 ,8066
2323 ,8067
28 ,8068
27 ,8069
15 ,8070
2324 ,8071
27 ,8072
2325 ,8073
4 ,8074
2326 ,8075
32 ,8076
35 ,8077
9 ,8078
2327 ,8079
9 ,8080
2328 ,8081
23 ,8082
17 ,8083
32 ,8084
9 ,8085
2329 ,8086
12 ,8087
2330 ,8088
2331 ,8089
50 ,8090
12 ,8091
27 ,8092
38 ,8093
45 ,8094
2332 ,8095
15 ,8096
15 ,8097
22 ,8098
12 ,8099
2333 ,8100
29 ,8101
2334 ,8102
17 ,8103
5 ,8104
45 ,8105
2335 ,8106
2336 ,8107
38 ,8108
50 ,8109
2337 ,8110
2338 ,8111
15 ,8112
33 ,8113
32 ,8114
29 ,8115
2339 ,8116
54 ,8117
15 ,8118
20 ,8119
10 ,8120
2340 ,8121
9 ,8122
2341 ,8123
2342 ,8124
23 ,8125
2343 ,8126
9 ,8127
6 ,8128
33 ,8129
4 ,8130
50 ,8131
8 ,8132
2 ,8133
45 ,8134
54 ,8135
45 ,8136
6 ,8137
22 ,8138
38 ,8139
4 ,8140
9 ,8141
2 ,8142
35 ,8143
2344 ,8144
33 ,8145
2 ,8146
45 ,8147
23 ,8148
2345 ,8149
50 ,8150
2346 ,8151
2347 ,8152
6 ,8153
5 ,8154
5 ,8155
2348 ,8156
57 ,8157
10 ,8158
12 ,8159
20 ,8160
54 ,8161
54 ,8162
15 ,8163
5 ,8164
8 ,8165
38 ,8166
22 ,8167
50 ,8168
2349 ,8169
2350 ,8170
12 ,8171
23 ,8172
5 ,8173
32 ,8174
2351 ,8175
5 ,8176
2352 ,8177
5 ,8178
2353 ,8179
2354 ,8180
2355 ,8181
33 ,8182
2356 ,8183
2357 ,8184
17 ,8185
32 ,8186
25 ,8187
22 ,8188
29 ,8189
20 ,8190
2358 ,8191
57 ,8192
8 ,8193
15 ,8194
6 ,8195
4 ,8196
12 ,8197
5 ,8198
2359 ,8199
33 ,8200
57 ,8201
32 ,8202
38 ,8203
2360 ,8204
2361 ,8205
12 ,8206
9 ,8207
25 ,8208
33 ,8209
45 ,8210
2362 ,8211
2363 ,8212
32 ,8213
20 ,8214
33 ,8215
9 ,8216
2364 ,8217
2365 ,8218
2366 ,8219
2367 ,8220
8 ,8221
2368 ,8222
27 ,8223
2369 ,8224
23 ,8225
2 ,8226
4 ,8227
35 ,8228
22 ,8229
2370 ,8230
2371 ,8231
8 ,8232
2372 ,8233
45 ,8234
54 ,8235
20 ,8236
9 ,8237
2 ,8238
2 ,8239
10 ,8240
20 ,8241
22 ,8242
50 ,8243
35 ,8244
6 ,8245
23 ,8246
20 ,8247
9 ,8248
54 ,8249
38 ,8250
12 ,8251
2373 ,8252
5 ,8253
35 ,8254
35 ,8255
2374 ,8256
2375 ,8257
12 ,8258
2376 ,8259
22 ,8260
32 ,8261
25 ,8262
33 ,8263
57 ,8264
2377 ,8265
2378 ,8266
15 ,8267
2379 ,8268
28 ,8269
33 ,8270
32 ,8271
10 ,8272
8 ,8273
2380 ,8274
2381 ,8275
38 ,8276
25 ,8277
32 ,8278
12 ,8279
9 ,8280
17 ,8281
27 ,8282
45 ,8283
22 ,8284
33 ,8285
27 ,8286
8 ,8287
22 ,8288
2382 ,8289
2383 ,8290
2384 ,8291
2 ,8292
57 ,8293
2 ,8294
2385 ,8295
23 ,8296
6 ,8297
9 ,8298
27 ,8299
27 ,8300
2386 ,8301
17 ,8302
5 ,8303
5 ,8304
35 ,8305
54 ,8306
2387 ,8307
29 ,8308
2388 ,8309
45 ,8310
2389 ,8311
29 ,8312
2390 ,8313
15 ,8314
2391 ,8315
2392 ,8316
9 ,8317
22 ,8318
15 ,8319
5 ,8320
5 ,8321
5 ,8322
2393 ,8323
9 ,8324
2394 ,8325
20 ,8326
4 ,8327
2 ,8328
23 ,8329
2395 ,8330
45 ,8331
5 ,8332
45 ,8333
15 ,8334
23 ,8335
2396 ,8336
4 ,8337
12 ,8338
1709 ,8339
49 ,8340
32 ,8341
2397 ,8342
54 ,8343
6 ,8344
2398 ,8345
8 ,8346
12 ,8347
28 ,8348
54 ,8349
2399 ,8350
57 ,8351
23 ,8352
28 ,8353
2400 ,8354
10 ,8355
57 ,8356
2401 ,8357
38 ,8358
2402 ,8359
2403 ,8360
20 ,8361
15 ,8362
2404 ,8363
8 ,8364
15 ,8365
50 ,8366
2405 ,8367
27 ,8368
10 ,8369
9 ,8370
2406 ,8371
23 ,8372
32 ,8373
20 ,8374
28 ,8375
45 ,8376
54 ,8377
2407 ,8378
2408 ,8379
27 ,8380
2409 ,8381
2410 ,8382
4 ,8383
4 ,8384
2 ,8385
54 ,8386
15 ,8387
2 ,8388
2411 ,8389
45 ,8390
2412 ,8391
1470 ,8392
2 ,8393
45 ,8394
2413 ,8395
2414 ,8396
27 ,8397
2415 ,8398
2416 ,8399
2417 ,8400
12 ,8401
38 ,8402
33 ,8403
6 ,8404
6 ,8405
15 ,8406
17 ,8407
38 ,8408
23 ,8409
50 ,8410
2 ,8411
2418 ,8412
27 ,8413
2419 ,8414
8 ,8415
23 ,8416
2420 ,8417
12 ,8418
4 ,8419
8 ,8420
2421 ,8421
54 ,8422
50 ,8423
2422 ,8424
33 ,8425
2423 ,8426
33 ,8427
12 ,8428
9 ,8429
32 ,8430
15 ,8431
5 ,8432
57 ,8433
32 ,8434
15 ,8435
29 ,8436
15 ,8437
29 ,8438
33 ,8439
12 ,8440
2424 ,8441
2425 ,8442
32 ,8443
5 ,8444
2426 ,8445
2427 ,8446
2428 ,8447
12 ,8448
9 ,8449
10 ,8450
2429 ,8451
20 ,8452
27 ,8453
15 ,8454
2430 ,8455
38 ,8456
17 ,8457
33 ,8458
33 ,8459
2431 ,8460
17 ,8461
12 ,8462
28 ,8463
29 ,8464
6 ,8465
2432 ,8466
2433 ,8467
2434 ,8468
2435 ,8469
2436 ,8470
2437 ,8471
57 ,8472
2438 ,8473
2439 ,8474
2440 ,8475
2441 ,8476
4 ,8477
54 ,8478
57 ,8479
50 ,8480
2442 ,8481
35 ,8482
2443 ,8483
50 ,8484
2444 ,8485
2445 ,8486
32 ,8487
2446 ,8488
2447 ,8489
45 ,8490
2448 ,8491
45 ,8492
2449 ,8493
2450 ,8494
54 ,8495
17 ,8496
20 ,8497
2451 ,8498
35 ,8499
35 ,8500
27 ,8501
8 ,8502
23 ,8503
33 ,8504
29 ,8505
2452 ,8506
8 ,8507
2453 ,8508
2454 ,8509
9 ,8510
15 ,8511
2455 ,8512
2456 ,8513
9 ,8514
2 ,8515
5 ,8516
2457 ,8517
2458 ,8518
2459 ,8519
50 ,8520
2460 ,8521
15 ,8522
54 ,8523
5 ,8524
2461 ,8525
22 ,8526
2462 ,8527
2463 ,8528
2464 ,8529
5 ,8530
2 ,8531
2465 ,8532
9 ,8533
2466 ,8534
9 ,8535
27 ,8536
29 ,8537
12 ,8538
38 ,8539
17 ,8540
17 ,8541
1709 ,8542
54 ,8543
15 ,8544
29 ,8545
20 ,8546
38 ,8547
23 ,8548
50 ,8549
27 ,8550
2467 ,8551
2468 ,8552
57 ,8553
23 ,8554
27 ,8555
15 ,8556
2469 ,8557
33 ,8558
50 ,8559
2470 ,8560
38 ,8561
12 ,8562
25 ,8563
27 ,8564
29 ,8565
57 ,8566
38 ,8567
57 ,8568
2471 ,8569
2472 ,8570
38 ,8571
33 ,8572
27 ,8573
2473 ,8574
8 ,8575
20 ,8576
6 ,8577
32 ,8578
50 ,8579
54 ,8580
8 ,8581
2474 ,8582
57 ,8583
28 ,8584
10 ,8585
35 ,8586
2 ,8587
2475 ,8588
23 ,8589
10 ,8590
23 ,8591
2476 ,8592
2477 ,8593
2478 ,8594
50 ,8595
25 ,8596
57 ,8597
6 ,8598
20 ,8599
29 ,8600
25 ,8601
4 ,8602
15 ,8603
5 ,8604
33 ,8605
17 ,8606
15 ,8607
5 ,8608
2 ,8609
50 ,8610
2479 ,8611
10 ,8612
28 ,8613
12 ,8614
17 ,8615
2480 ,8616
2481 ,8617
9 ,8618
54 ,8619
29 ,8620
27 ,8621
12 ,8622
38 ,8623
8 ,8624
9 ,8625
8 ,8626
45 ,8627
2482 ,8628
8 ,8629
27 ,8630
8 ,8631
2483 ,8632
9 ,8633
2484 ,8634
10 ,8635
5 ,8636
2485 ,8637
54 ,8638
2486 ,8639
28 ,8640
10 ,8641
54 ,8642
2487 ,8643
29 ,8644
20 ,8645
5 ,8646
12 ,8647
2 ,8648
2488 ,8649
22 ,8650
54 ,8651
4 ,8652
33 ,8653
6 ,8654
2489 ,8655
25 ,8656
35 ,8657
35 ,8658
4 ,8659
2490 ,8660
2491 ,8661
22 ,8662
2492 ,8663
2 ,8664
4 ,8665
35 ,8666
25 ,8667
2493 ,8668
2494 ,8669
9 ,8670
45 ,8671
33 ,8672
2495 ,8673
20 ,8674
2496 ,8675
2497 ,8676
9 ,8677
57 ,8678
54 ,8679
8 ,8680
8 ,8681
2498 ,8682
50 ,8683
20 ,8684
4 ,8685
33 ,8686
23 ,8687
4 ,8688
28 ,8689
38 ,8690
57 ,8691
57 ,8692
5 ,8693
8 ,8694
2499 ,8695
10 ,8696
29 ,8697
2500 ,8698
33 ,8699
10 ,8700
5 ,8701
45 ,8702
9 ,8703
107 ,8704
2501 ,8705
29 ,8706
17 ,8707
2502 ,8708
29 ,8709
38 ,8710
17 ,8711
2503 ,8712
45 ,8713
15 ,8714
38 ,8715
2504 ,8716
15 ,8717
45 ,8718
2505 ,8719
15 ,8720
4 ,8721
2506 ,8722
35 ,8723
17 ,8724
9 ,8725
2507 ,8726
15 ,8727
6 ,8728
5 ,8729
15 ,8730
2508 ,8731
2509 ,8732
9 ,8733
2510 ,8734
2511 ,8735
2512 ,8736
54 ,8737
23 ,8738
45 ,8739
32 ,8740
17 ,8741
2513 ,8742
25 ,8743
15 ,8744
2 ,8745
38 ,8746
1329 ,8747
20 ,8748
35 ,8749
50 ,8750
8 ,8751
2 ,8752
50 ,8753
45 ,8754
5 ,8755
38 ,8756
28 ,8757
2514 ,8758
15 ,8759
38 ,8760
15 ,8761
12 ,8762
27 ,8763
25 ,8764
22 ,8765
2515 ,8766
12 ,8767
2516 ,8768
2517 ,8769
57 ,8770
38 ,8771
25 ,8772
2518 ,8773
2 ,8774
8 ,8775
33 ,8776
2519 ,8777
2520 ,8778
54 ,8779
2521 ,8780
17 ,8781
6 ,8782
2522 ,8783
23 ,8784
57 ,8785
15 ,8786
2523 ,8787
2524 ,8788
2525 ,8789
28 ,8790
2526 ,8791
12 ,8792
29 ,8793
35 ,8794
33 ,8795
2527 ,8796
15 ,8797
4 ,8798
10 ,8799
2528 ,8800
27 ,8801
4 ,8802
25 ,8803
32 ,8804
2529 ,8805
2530 ,8806
2531 ,8807
252 ,8808
29 ,8809
637 ,8810
2532 ,8811
4 ,8812
38 ,8813
23 ,8814
2533 ,8815
22 ,8816
2534 ,8817
2535 ,8818
2536 ,8819
54 ,8820
33 ,8821
33 ,8822
29 ,8823
29 ,8824
33 ,8825
2537 ,8826
2538 ,8827
10 ,8828
54 ,8829
29 ,8830
29 ,8831
23 ,8832
20 ,8833
2539 ,8834
2 ,8835
2540 ,8836
15 ,8837
2541 ,8838
35 ,8839
9 ,8840
50 ,8841
2542 ,8842
9 ,8843
2543 ,8844
29 ,8845
9 ,8846
23 ,8847
20 ,8848
28 ,8849
33 ,8850
57 ,8851
22 ,8852
2544 ,8853
15 ,8854
2545 ,8855
17 ,8856
5 ,8857
17 ,8858
38 ,8859
38 ,8860
2546 ,8861
10 ,8862
5 ,8863
17 ,8864
27 ,8865
20 ,8866
22 ,8867
2547 ,8868
15 ,8869
2548 ,8870
23 ,8871
50 ,8872
17 ,8873
9 ,8874
2549 ,8875
2550 ,8876
8 ,8877
2551 ,8878
2552 ,8879
17 ,8880
2553 ,8881
45 ,8882
17 ,8883
32 ,8884
6 ,8885
22 ,8886
23 ,8887
6 ,8888
2554 ,8889
38 ,8890
2555 ,8891
35 ,8892
38 ,8893
32 ,8894
50 ,8895
25 ,8896
27 ,8897
2556 ,8898
17 ,8899
45 ,8900
10 ,8901
28 ,8902
9 ,8903
5 ,8904
17 ,8905
2557 ,8906
27 ,8907
45 ,8908
57 ,8909
54 ,8910
2558 ,8911
8 ,8912
45 ,8913
12 ,8914
2559 ,8915
25 ,8916
2 ,8917
38 ,8918
28 ,8919
9 ,8920
12 ,8921
6 ,8922
2560 ,8923
2561 ,8924
27 ,8925
10 ,8926
23 ,8927
4 ,8928
33 ,8929
2562 ,8930
28 ,8931
15 ,8932
29 ,8933
8 ,8934
2563 ,8935
23 ,8936
2564 ,8937
29 ,8938
54 ,8939
22 ,8940
23 ,8941
25 ,8942
33 ,8943
12 ,8944
57 ,8945
2565 ,8946
2566 ,8947
2567 ,8948
2568 ,8949
28 ,8950
45 ,8951
2569 ,8952
15 ,8953
57 ,8954
12 ,8955
15 ,8956
2 ,8957
54 ,8958
2570 ,8959
2 ,8960
10 ,8961
8 ,8962
33 ,8963
2571 ,8964
5 ,8965
50 ,8966
50 ,8967
12 ,8968
25 ,8969
8 ,8970
8 ,8971
50 ,8972
2572 ,8973
2573 ,8974
10 ,8975
33 ,8976
17 ,8977
2574 ,8978
2575 ,8979
2576 ,8980
10 ,8981
57 ,8982
2577 ,8983
38 ,8984
2578 ,8985
28 ,8986
8 ,8987
12 ,8988
12 ,8989
9 ,8990
10 ,8991
8 ,8992
2579 ,8993
6 ,8994
28 ,8995
45 ,8996
54 ,8997
2580 ,8998
25 ,8999
2581 ,9000
57 ,9001
9 ,9002
25 ,9003
25 ,9004
4 ,9005
2582 ,9006
2583 ,9007
4 ,9008
29 ,9009
15 ,9010
2584 ,9011
2585 ,9012
2586 ,9013
23 ,9014
5 ,9015
15 ,9016
33 ,9017
2587 ,9018
2588 ,9019
9 ,9020
35 ,9021
32 ,9022
12 ,9023
32 ,9024
57 ,9025
17 ,9026
20 ,9027
6 ,9028
33 ,9029
15 ,9030
2589 ,9031
2590 ,9032
2591 ,9033
2592 ,9034
2593 ,9035
2594 ,9036
38 ,9037
2595 ,9038
27 ,9039
29 ,9040
23 ,9041
6 ,9042
50 ,9043
12 ,9044
25 ,9045
5 ,9046
6 ,9047
25 ,9048
28 ,9049
2596 ,9050
25 ,9051
23 ,9052
2597 ,9053
12 ,9054
2598 ,9055
15 ,9056
35 ,9057
2599 ,9058
29 ,9059
23 ,9060
57 ,9061
2600 ,9062
93 ,9063
2601 ,9064
54 ,9065
2602 ,9066
2603 ,9067
2604 ,9068
8 ,9069
12 ,9070
38 ,9071
6 ,9072
57 ,9073
33 ,9074
23 ,9075
38 ,9076
10 ,9077
38 ,9078
2605 ,9079
1557 ,9080
22 ,9081
6 ,9082
35 ,9083
23 ,9084
8 ,9085
10 ,9086
28 ,9087
2606 ,9088
9 ,9089
38 ,9090
2607 ,9091
2608 ,9092
27 ,9093
22 ,9094
2609 ,9095
17 ,9096
28 ,9097
25 ,9098
2610 ,9099
2611 ,9100
6 ,9101
2612 ,9102
6 ,9103
2613 ,9104
35 ,9105
9 ,9106
38 ,9107
17 ,9108
54 ,9109
17 ,9110
2614 ,9111
2615 ,9112
5 ,9113
2616 ,9114
2617 ,9115
5 ,9116
637 ,9117
23 ,9118
15 ,9119
35 ,9120
10 ,9121
22 ,9122
2618 ,9123
22 ,9124
54 ,9125
22 ,9126
2619 ,9127
20 ,9128
33 ,9129
2620 ,9130
54 ,9131
2621 ,9132
2622 ,9133
5 ,9134
8 ,9135
12 ,9136
45 ,9137
20 ,9138
2623 ,9139
15 ,9140
123 ,9141
17 ,9142
2624 ,9143
20 ,9144
9 ,9145
10 ,9146
50 ,9147
2625 ,9148
2626 ,9149
2627 ,9150
9 ,9151
2628 ,9152
2629 ,9153
27 ,9154
2630 ,9155
29 ,9156
15 ,9157
2631 ,9158
2632 ,9159
2633 ,9160
6 ,9161
4 ,9162
50 ,9163
252 ,9164
2634 ,9165
2635 ,9166
8 ,9167
2636 ,9168
38 ,9169
28 ,9170
35 ,9171
17 ,9172
2637 ,9173
32 ,9174
12 ,9175
33 ,9176
12 ,9177
2638 ,9178
2639 ,9179
2640 ,9180
29 ,9181
54 ,9182
2641 ,9183
5 ,9184
22 ,9185
57 ,9186
2642 ,9187
2643 ,9188
9 ,9189
45 ,9190
32 ,9191
33 ,9192
2644 ,9193
5 ,9194
38 ,9195
57 ,9196
2 ,9197
4 ,9198
22 ,9199
45 ,9200
8 ,9201
2645 ,9202
2 ,9203
17 ,9204
2646 ,9205
6 ,9206
15 ,9207
27 ,9208
2647 ,9209
2648 ,9210
54 ,9211
2649 ,9212
15 ,9213
2650 ,9214
12 ,9215
2 ,9216
45 ,9217
17 ,9218
2651 ,9219
2652 ,9220
10 ,9221
25 ,9222
27 ,9223
45 ,9224
2653 ,9225
54 ,9226
50 ,9227
2654 ,9228
27 ,9229
25 ,9230
12 ,9231
2655 ,9232
2656 ,9233
15 ,9234
17 ,9235
32 ,9236
35 ,9237
2657 ,9238
10 ,9239
6 ,9240
15 ,9241
50 ,9242
29 ,9243
27 ,9244
4 ,9245
9 ,9246
54 ,9247
2658 ,9248
107 ,9249
2659 ,9250
8 ,9251
2660 ,9252
2661 ,9253
2662 ,9254
2663 ,9255
17 ,9256
2664 ,9257
29 ,9258
2665 ,9259
2666 ,9260
2667 ,9261
17 ,9262
2668 ,9263
5 ,9264
2669 ,9265
2670 ,9266
4 ,9267
45 ,9268
33 ,9269
23 ,9270
2671 ,9271
57 ,9272
33 ,9273
28 ,9274
10 ,9275
15 ,9276
2672 ,9277
50 ,9278
25 ,9279
33 ,9280
2673 ,9281
6 ,9282
12 ,9283
25 ,9284
2 ,9285
25 ,9286
2674 ,9287
54 ,9288
2675 ,9289
2676 ,9290
20 ,9291
2677 ,9292
17 ,9293
20 ,9294
9 ,9295
2678 ,9296
6 ,9297
2679 ,9298
6 ,9299
2680 ,9300
8 ,9301
20 ,9302
17 ,9303
2681 ,9304
2682 ,9305
2683 ,9306
2684 ,9307
25 ,9308
57 ,9309
15 ,9310
29 ,9311
2685 ,9312
10 ,9313
22 ,9314
57 ,9315
22 ,9316
25 ,9317
20 ,9318
2686 ,9319
12 ,9320
2687 ,9321
2688 ,9322
35 ,9323
33 ,9324
2689 ,9325
2690 ,9326
50 ,9327
2691 ,9328
20 ,9329
23 ,9330
2692 ,9331
2693 ,9332
2 ,9333
5 ,9334
57 ,9335
12 ,9336
2694 ,9337
29 ,9338
28 ,9339
2695 ,9340
54 ,9341
2696 ,9342
5 ,9343
2697 ,9344
33 ,9345
2698 ,9346
4 ,9347
2 ,9348
5 ,9349
27 ,9350
38 ,9351
2699 ,9352
33 ,9353
17 ,9354
8 ,9355
29 ,9356
38 ,9357
23 ,9358
50 ,9359
54 ,9360
8 ,9361
6 ,9362
57 ,9363
9 ,9364
20 ,9365
38 ,9366
33 ,9367
2700 ,9368
57 ,9369
20 ,9370
17 ,9371
2701 ,9372
57 ,9373
29 ,9374
2702 ,9375
10 ,9376
32 ,9377
23 ,9378
15 ,9379
12 ,9380
2703 ,9381
25 ,9382
2704 ,9383
10 ,9384
2705 ,9385
2706 ,9386
25 ,9387
10 ,9388
15 ,9389
20 ,9390
12 ,9391
594 ,9392
2707 ,9393
22 ,9394
2708 ,9395
2709 ,9396
33 ,9397
54 ,9398
20 ,9399
54 ,9400
2710 ,9401
2711 ,9402
54 ,9403
33 ,9404
5 ,9405
23 ,9406
28 ,9407
28 ,9408
2712 ,9409
2713 ,9410
25 ,9411
29 ,9412
5 ,9413
2714 ,9414
35 ,9415
2715 ,9416
17 ,9417
23 ,9418
8 ,9419
2716 ,9420
4 ,9421
29 ,9422
8 ,9423
2717 ,9424
12 ,9425
2718 ,9426
333 ,9427
27 ,9428
2719 ,9429
50 ,9430
2720 ,9431
786 ,9432
25 ,9433
2721 ,9434
45 ,9435
2722 ,9436
12 ,9437
23 ,9438
9 ,9439
2723 ,9440
2724 ,9441
2725 ,9442
2726 ,9443
8 ,9444
50 ,9445
9 ,9446
20 ,9447
2727 ,9448
33 ,9449
9 ,9450
8 ,9451
22 ,9452
22 ,9453
2728 ,9454
54 ,9455
28 ,9456
15 ,9457
35 ,9458
2729 ,9459
50 ,9460
2730 ,9461
2731 ,9462
4 ,9463
2732 ,9464
28 ,9465
20 ,9466
2733 ,9467
57 ,9468
2734 ,9469
8 ,9470
2735 ,9471
4 ,9472
12 ,9473
2736 ,9474
17 ,9475
33 ,9476
17 ,9477
2737 ,9478
38 ,9479
2738 ,9480
17 ,9481
6 ,9482
9 ,9483
38 ,9484
38 ,9485
8 ,9486
5 ,9487
35 ,9488
5 ,9489
38 ,9490
22 ,9491
8 ,9492
8 ,9493
57 ,9494
28 ,9495
8 ,9496
2739 ,9497
22 ,9498
2740 ,9499
33 ,9500
20 ,9501
2741 ,9502
20 ,9503
2742 ,9504
110 ,9505
2743 ,9506
27 ,9507
8 ,9508
2744 ,9509
2745 ,9510
2746 ,9511
6 ,9512
29 ,9513
17 ,9514
2747 ,9515
38 ,9516
2748 ,9517
2749 ,9518
9 ,9519
22 ,9520
20 ,9521
25 ,9522
2750 ,9523
5 ,9524
6 ,9525
9 ,9526
33 ,9527
2751 ,9528
15 ,9529
2752 ,9530
8 ,9531
8 ,9532
33 ,9533
2753 ,9534
54 ,9535
22 ,9536
9 ,9537
9 ,9538
54 ,9539
50 ,9540
38 ,9541
15 ,9542
45 ,9543
8 ,9544
28 ,9545
32 ,9546
20 ,9547
6 ,9548
50 ,9549
22 ,9550
9 ,9551
2754 ,9552
29 ,9553
8 ,9554
17 ,9555
12 ,9556
2755 ,9557
2756 ,9558
2757 ,9559
20 ,9560
2758 ,9561
2759 ,9562
22 ,9563
45 ,9564
2760 ,9565
22 ,9566
50 ,9567
28 ,9568
2761 ,9569
27 ,9570
8 ,9571
22 ,9572
2762 ,9573
2763 ,9574
2764 ,9575
2765 ,9576
20 ,9577
6 ,9578
2766 ,9579
22 ,9580
23 ,9581
2767 ,9582
32 ,9583
54 ,9584
38 ,9585
38 ,9586
29 ,9587
38 ,9588
4 ,9589
4 ,9590
28 ,9591
25 ,9592
8 ,9593
54 ,9594
33 ,9595
20 ,9596
2768 ,9597
54 ,9598
2769 ,9599
20 ,9600
2770 ,9601
17 ,9602
2771 ,9603
2772 ,9604
15 ,9605
35 ,9606
17 ,9607
5 ,9608
54 ,9609
33 ,9610
2773 ,9611
20 ,9612
2774 ,9613
2775 ,9614
5 ,9615
5 ,9616
22 ,9617
2776 ,9618
54 ,9619
9 ,9620
5 ,9621
2 ,9622
27 ,9623
57 ,9624
2777 ,9625
54 ,9626
27 ,9627
38 ,9628
2778 ,9629
45 ,9630
2779 ,9631
6 ,9632
54 ,9633
6 ,9634
2 ,9635
29 ,9636
2780 ,9637
22 ,9638
2781 ,9639
8 ,9640
2782 ,9641
23 ,9642
45 ,9643
27 ,9644
29 ,9645
22 ,9646
2783 ,9647
45 ,9648
4 ,9649
6 ,9650
2784 ,9651
12 ,9652
6 ,9653
2785 ,9654
25 ,9655
22 ,9656
25 ,9657
2724 ,9658
9 ,9659
5 ,9660
15 ,9661
22 ,9662
23 ,9663
2786 ,9664
57 ,9665
4 ,9666
5 ,9667
9 ,9668
10 ,9669
38 ,9670
2 ,9671
25 ,9672
6 ,9673
33 ,9674
2787 ,9675
4 ,9676
2788 ,9677
10 ,9678
35 ,9679
12 ,9680
23 ,9681
2789 ,9682
17 ,9683
4 ,9684
29 ,9685
2790 ,9686
10 ,9687
8 ,9688
2791 ,9689
28 ,9690
57 ,9691
27 ,9692
2792 ,9693
29 ,9694
2793 ,9695
2794 ,9696
28 ,9697
25 ,9698
5 ,9699
27 ,9700
4 ,9701
8 ,9702
8 ,9703
38 ,9704
15 ,9705
6 ,9706
29 ,9707
35 ,9708
50 ,9709
35 ,9710
5 ,9711
2795 ,9712
35 ,9713
2796 ,9714
2797 ,9715
2798 ,9716
32 ,9717
50 ,9718
2799 ,9719
9 ,9720
2800 ,9721
2379 ,9722
2801 ,9723
2802 ,9724
35 ,9725
8 ,9726
2803 ,9727
27 ,9728
17 ,9729
2804 ,9730
12 ,9731
23 ,9732
29 ,9733
28 ,9734
4 ,9735
2805 ,9736
27 ,9737
54 ,9738
2806 ,9739
33 ,9740
2807 ,9741
2808 ,9742
32 ,9743
2809 ,9744
17 ,9745
4 ,9746
38 ,9747
29 ,9748
28 ,9749
2810 ,9750
22 ,9751
20 ,9752
50 ,9753
23 ,9754
23 ,9755
25 ,9756
33 ,9757
2811 ,9758
27 ,9759
6 ,9760
2812 ,9761
2813 ,9762
2814 ,9763
8 ,9764
2815 ,9765
2816 ,9766
27 ,9767
6 ,9768
2817 ,9769
2818 ,9770
10 ,9771
2819 ,9772
2 ,9773
33 ,9774
25 ,9775
20 ,9776
22 ,9777
27 ,9778
5 ,9779
32 ,9780
33 ,9781
2820 ,9782
2821 ,9783
17 ,9784
29 ,9785
12 ,9786
2724 ,9787
32 ,9788
15 ,9789
57 ,9790
38 ,9791
29 ,9792
2822 ,9793
12 ,9794
32 ,9795
2823 ,9796
2824 ,9797
2825 ,9798
50 ,9799
32 ,9800
2826 ,9801
5 ,9802
20 ,9803
45 ,9804
2827 ,9805
32 ,9806
4 ,9807
25 ,9808
2828 ,9809
2829 ,9810
50 ,9811
50 ,9812
10 ,9813
38 ,9814
45 ,9815
1709 ,9816
50 ,9817
2830 ,9818
2831 ,9819
54 ,9820
20 ,9821
32 ,9822
32 ,9823
38 ,9824
9 ,9825
2 ,9826
28 ,9827
8 ,9828
10 ,9829
2832 ,9830
38 ,9831
2833 ,9832
32 ,9833
2834 ,9834
45 ,9835
15 ,9836
17 ,9837
25 ,9838
25 ,9839
2 ,9840
27 ,9841
2835 ,9842
32 ,9843
4 ,9844
2836 ,9845
2837 ,9846
20 ,9847
2838 ,9848
12 ,9849
45 ,9850
33 ,9851
29 ,9852
20 ,9853
2839 ,9854
45 ,9855
2 ,9856
29 ,9857
12 ,9858
10 ,9859
15 ,9860
45 ,9861
50 ,9862
57 ,9863
28 ,9864
2840 ,9865
54 ,9866
20 ,9867
50 ,9868
50 ,9869
2841 ,9870
22 ,9871
20 ,9872
2842 ,9873
5 ,9874
27 ,9875
27 ,9876
20 ,9877
2843 ,9878
9 ,9879
57 ,9880
20 ,9881
4 ,9882
2844 ,9883
54 ,9884
9 ,9885
17 ,9886
2 ,9887
54 ,9888
4 ,9889
54 ,9890
45 ,9891
57 ,9892
23 ,9893
4 ,9894
2845 ,9895
45 ,9896
2846 ,9897
2847 ,9898
2848 ,9899
32 ,9900
5 ,9901
2849 ,9902
32 ,9903
27 ,9904
22 ,9905
2850 ,9906
5 ,9907
35 ,9908
1000 ,9909
2851 ,9910
2852 ,9911
6 ,9912
23 ,9913
27 ,9914
2853 ,9915
32 ,9916
27 ,9917
10 ,9918
2854 ,9919
23 ,9920
20 ,9921
22 ,9922
2855 ,9923
2856 ,9924
33 ,9925
4 ,9926
12 ,9927
6 ,9928
2857 ,9929
35 ,9930
33 ,9931
33 ,9932
2858 ,9933
2859 ,9934
4 ,9935
17 ,9936
2860 ,9937
2861 ,9938
2862 ,9939
22 ,9940
25 ,9941
35 ,9942
9 ,9943
27 ,9944
5 ,9945
33 ,9946
33 ,9947
2863 ,9948
28 ,9949
2864 ,9950
8 ,9951
2865 ,9952
22 ,9953
54 ,9954
2866 ,9955
95 ,9956
2867 ,9957
54 ,9958
28 ,9959
38 ,9960
50 ,9961
2868 ,9962
2869 ,9963
27 ,9964
2870 ,9965
9 ,9966
2 ,9967
8 ,9968
35 ,9969
29 ,9970
8 ,9971
2871 ,9972
2872 ,9973
2873 ,9974
8 ,9975
23 ,9976
2874 ,9977
20 ,9978
23 ,9979
23 ,9980
2 ,9981
4 ,9982
2875 ,9983
32 ,9984
2876 ,9985
2877 ,9986
2878 ,9987
23 ,9988
2879 ,9989
29 ,9990
32 ,9991
2 ,9992
2880 ,9993
17 ,9994
2881 ,9995
9 ,9996
2882 ,9997
2883 ,9998
22 ,9999
38 ,10000
